Date,dir,speed
2019-05-23 10:00:24,208,0.7
2019-05-23 10:30:24,225,0.9
2019-05-23 11:00:23,202,1
2019-05-23 11:30:24,195,1.1
2019-05-23 12:00:24,220,1
2019-05-23 12:30:23,234,1
2019-05-23 13:00:24,211,1
2019-05-23 13:30:24,234,0.8
2019-05-23 14:00:23,126,1.1
2019-05-23 14:30:23,106,2
2019-05-23 15:00:23,80,2
2019-05-23 15:30:24,30,2.2
2019-05-23 16:00:23,71,2.6
2019-05-23 16:30:24,57,3.4
2019-05-23 17:00:23,53,3.2
2019-05-23 17:30:23,45,3.5
2019-05-23 18:00:24,34,3.6
2019-05-23 18:30:24,38,2.4
2019-05-23 19:00:23,29,2.7
2019-05-23 19:30:23,47,3.6
2019-05-23 20:00:23,50,3.6
2019-05-23 20:30:23,49,2.8
2019-05-23 21:00:24,31,3.1
2019-05-23 21:30:24,24,2.7
2019-05-23 22:00:23,21,2.3
2019-05-23 22:30:23,40,1.2
2019-05-23 23:00:24,71,0.2
2019-05-23 23:30:23,58,0.7
2019-05-24 00:00:23,99,0.2
2019-05-24 00:30:24,298,0.2
2019-05-24 01:00:24,293,0.2
2019-05-24 01:30:23,317,0.5
2019-05-24 02:00:23,325,0.6
2019-05-24 02:30:24,326,0.7
2019-05-24 03:00:23,339,0.4
2019-05-24 03:30:24,326,0.6
2019-05-24 04:00:23,313,0.5
2019-05-24 04:30:24,323,0
2019-05-24 05:00:24,322,0
2019-05-24 05:30:24,263,0
2019-05-24 06:00:24,337,0
2019-05-24 06:30:23,295,0
2019-05-24 07:00:24,3,0.1
2019-05-24 07:30:24,178,0
2019-05-24 08:00:23,334,0
2019-05-24 08:30:23,255,0.2
2019-05-24 09:00:24,245,0.1
2019-05-24 09:30:23,271,0.2
2019-05-24 10:00:24,185,0.6
2019-05-24 10:30:23,256,0.3
2019-05-24 11:00:24,189,0.6
2019-05-24 11:30:24,192,0.6
2019-05-24 12:00:24,199,0.8
2019-05-24 12:30:23,241,0.7
2019-05-24 13:00:24,189,0.8
2019-05-24 13:30:24,227,0.5
2019-05-24 14:00:23,198,0.8
2019-05-24 14:30:24,155,0.9
2019-05-24 15:00:24,119,1.1
2019-05-24 15:30:24,95,1.9
2019-05-24 16:00:24,81,2.3
2019-05-24 16:30:23,79,2.2
2019-05-24 17:00:23,94,2.6
2019-05-24 17:30:24,114,2.7
2019-05-24 18:00:23,111,1.9
2019-05-24 18:30:24,79,1.9
2019-05-24 19:00:24,71,2.2
2019-05-24 19:30:24,65,2.3
2019-05-24 20:00:24,66,2.3
2019-05-24 20:30:24,54,3.3
2019-05-24 21:00:24,45,4.2
2019-05-24 21:30:23,43,2.9
2019-05-24 22:00:24,27,2.4
2019-05-24 22:30:23,76,1.3
2019-05-24 23:00:24,81,1.1
2019-05-24 23:30:24,44,1.1
2019-05-25 00:00:24,29,0.7
2019-05-25 00:30:23,97,0.2
2019-05-25 01:00:24,210,0.1
2019-05-25 01:30:23,326,0
2019-05-25 02:00:24,267,0.4
2019-05-25 02:30:23,68,0
2019-05-25 03:00:24,328,0.4
2019-05-25 03:30:24,355,0.1
2019-05-25 04:00:24,282,0.5
2019-05-25 04:30:24,271,0.9
2019-05-25 05:00:24,307,0.8
2019-05-25 05:30:24,198,0.1
2019-05-25 06:00:24,98,0
2019-05-25 06:30:24,236,0.1
2019-05-25 07:00:24,258,0
2019-05-25 07:30:24,185,0.1
2019-05-25 08:00:23,77,0.2
2019-05-25 08:30:24,357,0.1
2019-05-25 09:00:24,284,0.1
2019-05-25 09:30:24,75,0.2
2019-05-25 10:00:23,84,0.2
2019-05-25 10:30:24,154,0.2
2019-05-25 11:00:24,185,0.3
2019-05-25 11:30:24,203,0.4
2019-05-25 12:00:24,130,0.5
2019-05-25 12:30:24,193,0.6
2019-05-25 13:00:24,39,0.7
2019-05-25 13:30:24,136,1
2019-05-25 14:00:24,187,0.7
2019-05-25 14:30:24,165,0.8
2019-05-25 15:00:24,104,1.2
2019-05-25 15:30:23,79,2.2
2019-05-25 16:00:24,84,1.8
2019-05-25 16:30:23,70,2.1
2019-05-25 17:00:24,71,2.5
2019-05-25 17:30:24,48,4.1
2019-05-25 18:00:24,44,3.9
2019-05-25 18:30:24,48,3.1
2019-05-25 19:00:24,30,3.3
2019-05-25 19:30:23,35,2.4
2019-05-25 20:00:23,37,2.7
2019-05-25 20:30:24,67,1.4
2019-05-25 21:00:23,41,1.2
2019-05-25 21:30:24,44,1.8
2019-05-25 22:00:23,36,2.1
2019-05-25 22:30:24,43,2.4
2019-05-25 23:00:24,50,1.1
2019-05-25 23:30:23,78,0.8
2019-05-26 00:00:24,79,0.7
2019-05-26 00:30:24,53,1.8
2019-05-26 01:00:23,64,0.8
2019-05-26 01:30:24,77,0.6
2019-05-26 02:00:23,34,0.8
2019-05-26 02:30:24,3,0.5
2019-05-26 03:00:24,350,0.4
2019-05-26 03:30:23,61,0.1
2019-05-26 04:00:24,158,0.1
2019-05-26 04:30:24,147,0.3
2019-05-26 05:00:24,33,0.2
2019-05-26 05:30:23,26,0
2019-05-26 06:00:24,97,0.1
2019-05-26 06:30:24,235,0.1
2019-05-26 07:00:24,202,0.1
2019-05-26 07:30:24,267,0.2
2019-05-26 08:00:23,264,0
2019-05-26 08:30:23,191,0.1
2019-05-26 09:00:23,183,0.4
2019-05-26 09:30:23,187,0.5
2019-05-26 10:00:23,200,0.6
2019-05-26 10:30:24,221,0.8
2019-05-26 11:00:24,236,1.6
2019-05-26 11:30:23,226,1
2019-05-26 12:00:24,195,0.5
2019-05-26 12:30:24,187,0.7
2019-05-26 13:00:24,177,0.5
2019-05-26 13:30:24,137,0.5
2019-05-26 14:00:23,160,0.3
2019-05-26 14:30:24,179,0.4
2019-05-26 15:00:24,186,0.6
2019-05-26 15:30:23,187,0.5
2019-05-26 16:00:24,185,0.7
2019-05-26 16:30:23,206,1
2019-05-26 17:00:23,221,1
2019-05-26 17:30:23,216,0.4
2019-05-26 18:00:24,225,0.3
2019-05-26 18:30:23,237,0
2019-05-26 19:00:24,164,0
2019-05-26 19:30:23,130,0
2019-05-26 20:00:24,177,0
2019-05-26 20:30:24,1,0
2019-05-26 21:00:24,71,0.1
2019-05-26 21:30:24,186,0.6
2019-05-26 22:00:24,312,1.1
2019-05-26 22:30:24,314,0.9
2019-05-26 23:00:24,292,0.8
2019-05-26 23:30:23,280,0.5
2019-05-27 00:00:24,266,0.4
2019-05-27 00:30:24,260,0.3
2019-05-27 01:00:24,159,0.1
2019-05-27 01:30:24,149,0.2
2019-05-27 02:00:24,208,0
2019-05-27 02:30:24,218,0
2019-05-27 03:00:23,131,0.1
2019-05-27 03:30:23,88,0
2019-05-27 04:00:23,16,0
2019-05-27 04:30:23,29,0.1
2019-05-27 05:00:24,340,0.3
2019-05-27 05:30:24,338,0.2
2019-05-27 06:00:24,1,0
2019-05-27 06:30:24,359,0
2019-05-27 07:00:23,10,0
2019-05-27 07:30:24,293,0.1
2019-05-27 08:00:23,248,0
2019-05-27 08:30:24,233,0.1
2019-05-27 09:00:24,184,0.4
2019-05-27 09:30:23,251,0
2019-05-27 10:00:24,222,0.2
2019-05-27 10:30:24,258,0.3
2019-05-27 11:00:23,217,0.4
2019-05-27 11:30:23,222,0.7
2019-05-27 12:00:24,227,0.8
2019-05-27 12:30:24,201,0.9
2019-05-27 13:00:24,241,0.8
2019-05-27 13:30:23,263,0.6
2019-05-27 14:00:24,94,0.8
2019-05-27 14:30:23,73,1.4
2019-05-27 15:00:24,125,1.9
2019-05-27 15:30:23,158,2.3
2019-05-27 16:00:23,108,1.9
2019-05-27 16:30:24,114,0.8
2019-05-27 17:00:23,218,0.7
2019-05-27 17:30:24,299,2.7
2019-05-27 18:00:23,316,1.2
2019-05-27 18:30:23,287,0.7
2019-05-27 19:00:24,56,0.7
2019-05-27 19:30:23,54,3
2019-05-27 20:00:24,21,2.6
2019-05-27 20:30:23,246,1.1
2019-05-27 21:00:24,303,0.4
2019-05-27 21:30:24,271,0.1
2019-05-27 22:00:24,193,0.2
2019-05-27 22:30:24,87,0.1
2019-05-27 23:00:24,0,0.4
2019-05-27 23:30:23,356,0.3
2019-05-28 00:00:23,5,0.2
2019-05-28 00:30:23,358,0.1
2019-05-28 01:00:24,66,0.2
2019-05-28 01:30:24,47,0
2019-05-28 02:00:24,340,0.1
2019-05-28 02:30:24,309,0.6
2019-05-28 03:00:23,128,0.3
2019-05-28 03:30:24,152,0.5
2019-05-28 04:00:23,66,0.2
2019-05-28 04:30:24,30,0.3
2019-05-28 05:00:23,204,0.3
2019-05-28 05:30:24,312,0.3
2019-05-28 06:00:24,330,0.4
2019-05-28 06:30:23,263,0.4
2019-05-28 07:00:23,270,0
2019-05-28 07:30:24,339,0.2
2019-05-28 08:00:24,342,0.3
2019-05-28 08:30:24,150,0.8
2019-05-28 09:00:23,81,0.5
2019-05-28 09:30:24,46,1.6
2019-05-28 10:00:23,51,2.3
2019-05-28 10:30:24,47,2.9
2019-05-28 11:00:24,61,2.9
2019-05-28 11:30:23,39,2.6
2019-05-28 12:00:24,65,3
2019-05-28 12:30:24,49,3.6
2019-05-28 13:00:24,63,3.3
2019-05-28 13:30:24,61,2.9
2019-05-28 14:00:24,58,3.3
2019-05-28 14:30:24,65,3.3
2019-05-28 15:00:24,64,3.3
2019-05-28 15:30:24,63,3
2019-05-28 16:00:23,70,3.1
2019-05-28 16:30:24,109,2.1
2019-05-28 17:00:23,190,0.5
2019-05-28 17:30:23,198,0.7
2019-05-28 18:00:24,74,2.4
2019-05-28 18:30:24,55,2.8
2019-05-28 19:00:23,62,3.6
2019-05-28 19:30:24,84,2.9
2019-05-28 20:00:24,62,2.9
2019-05-28 20:30:24,71,2.5
2019-05-28 21:00:24,314,0.8
2019-05-28 21:30:23,311,0.7
2019-05-28 22:00:24,74,0.8
2019-05-28 22:30:23,6,1.2
2019-05-28 23:00:24,280,0.4
2019-05-28 23:30:24,188,0.1
2019-05-29 00:00:24,52,0.2
2019-05-29 00:30:24,340,0.5
2019-05-29 01:00:24,349,0.6
2019-05-29 01:30:24,48,0
2019-05-29 02:00:24,9,0.4
2019-05-29 02:30:23,303,0.5
2019-05-29 03:00:23,345,0.2
2019-05-29 03:30:23,0,0
2019-05-29 04:00:23,338,0.6
2019-05-29 04:30:24,0,0
2019-05-29 05:00:23,141,0.1
2019-05-29 05:30:24,336,0.4
2019-05-29 06:00:23,43,0.2
2019-05-29 06:30:24,183,0.3
2019-05-29 07:00:24,249,0.6
2019-05-29 07:30:24,73,0.5
2019-05-29 08:00:24,111,0.1
2019-05-29 08:30:23,235,0.3
2019-05-29 09:00:23,218,0.3
2019-05-29 09:30:24,214,0.9
2019-05-29 10:00:24,243,0.9
2019-05-29 10:30:24,249,0.6
2019-05-29 11:00:24,279,0.7
2019-05-29 11:30:23,280,1.4
2019-05-29 12:00:24,334,1.5
2019-05-29 12:30:23,76,1.8
2019-05-29 13:00:24,0,1.1
2019-05-29 13:30:24,136,0.8
2019-05-29 14:00:23,122,1.5
2019-05-29 14:30:24,180,1.8
2019-05-29 15:00:24,154,2.9
2019-05-29 15:30:23,105,2.1
2019-05-29 16:00:24,105,1.4
2019-05-29 16:30:24,144,0.5
2019-05-29 17:00:24,279,0.9
2019-05-29 17:30:23,263,0.8
2019-05-29 18:00:24,312,0.4
2019-05-29 18:30:24,229,0.5
2019-05-29 19:00:23,162,0.3
2019-05-29 19:30:24,122,0.5
2019-05-29 20:00:24,76,0.1
2019-05-29 20:30:23,5,0.4
2019-05-29 21:00:24,344,0.4
2019-05-29 21:30:23,354,0.7
2019-05-29 22:00:23,349,0.4
2019-05-29 22:30:23,346,0.7
2019-05-29 23:00:24,338,0.3
2019-05-29 23:30:24,7,0.1
2019-05-30 00:00:24,352,0.2
2019-05-30 00:30:24,337,0.2
2019-05-30 01:00:24,310,0.4
2019-05-30 01:30:24,260,0.3
2019-05-30 02:00:23,336,0.8
2019-05-30 02:30:24,335,0.6
2019-05-30 03:00:24,332,0.7
2019-05-30 03:30:24,344,0.8
2019-05-30 04:00:24,334,0.3
2019-05-30 04:30:23,313,0
2019-05-30 05:00:24,328,0.1
2019-05-30 05:30:24,335,0.3
2019-05-30 06:00:24,337,0
2019-05-30 06:30:24,155,0
2019-05-30 07:00:24,350,0
2019-05-30 07:30:24,202,0.2
2019-05-30 08:00:23,181,0.2
2019-05-30 08:30:23,78,0.2
2019-05-30 09:00:24,194,0.9
2019-05-30 09:30:23,205,0.9
2019-05-30 10:00:24,206,0.8
2019-05-30 10:30:23,215,0.9
2019-05-30 11:00:24,241,1.1
2019-05-30 11:30:23,250,1.3
2019-05-30 12:00:23,254,1.6
2019-05-30 12:30:24,256,1.8
2019-05-30 13:00:24,260,1.9
2019-05-30 13:30:23,262,1.8
2019-05-30 14:00:24,259,1.9
2019-05-30 14:30:23,273,1.6
2019-05-30 15:00:24,248,1.4
2019-05-30 15:30:23,233,1.9
2019-05-30 16:00:24,287,1.5
2019-05-30 16:30:24,250,1.8
2019-05-30 17:00:24,226,1.8
2019-05-30 17:30:23,240,1.2
2019-05-30 18:00:24,244,1.5
2019-05-30 18:30:23,245,1.2
2019-05-30 19:00:24,278,1.1
2019-05-30 19:30:23,291,1
2019-05-30 20:00:24,288,0.8
2019-05-30 20:30:23,290,0.4
2019-05-30 21:00:24,303,0.8
2019-05-30 21:30:23,309,1
2019-05-30 22:00:23,269,0.2
2019-05-30 22:30:24,310,0.3
2019-05-30 23:00:24,331,0.8
2019-05-30 23:30:24,329,0.9
2019-05-31 00:00:24,336,0.3
2019-05-31 00:30:24,317,0.8
2019-05-31 01:00:24,10,0.5
2019-05-31 01:30:24,323,0.7
2019-05-31 02:00:23,332,0.5
2019-05-31 02:30:24,344,0.6
2019-05-31 03:00:24,332,1
2019-05-31 03:30:23,329,0.8
2019-05-31 04:00:24,327,0.8
2019-05-31 04:30:24,325,0.7
2019-05-31 05:00:24,324,0.9
2019-05-31 05:30:24,246,0.2
2019-05-31 06:00:23,240,0.4
2019-05-31 06:30:24,324,0.1
2019-05-31 07:00:23,330,0.5
2019-05-31 07:30:23,91,0
2019-05-31 08:00:23,290,0.5
2019-05-31 08:30:24,235,0.6
2019-05-31 09:00:24,199,1.4
2019-05-31 09:30:23,210,1.1
2019-05-31 10:00:24,239,2
2019-05-31 10:30:23,264,2.8
2019-05-31 11:00:24,269,2.5
2019-05-31 11:30:24,266,2
2019-05-31 12:00:23,268,2
2019-05-31 12:30:24,260,2.5
2019-05-31 13:00:23,264,2.3
2019-05-31 13:30:24,276,2.4
2019-05-31 14:00:24,250,2.3
2019-05-31 14:30:23,255,2.6
2019-05-31 15:00:24,250,2.5
2019-05-31 15:30:23,247,2.2
2019-05-31 16:00:24,267,1.5
2019-05-31 16:30:24,259,1.3
2019-05-31 17:00:23,251,2.1
2019-05-31 17:30:24,251,1.4
2019-05-31 18:00:24,280,1.5
2019-05-31 18:30:23,269,1.3
2019-05-31 19:00:23,266,1.5
2019-05-31 19:30:23,291,0.8
2019-05-31 20:00:24,290,0.5
2019-05-31 20:30:23,332,0.6
2019-05-31 21:00:24,339,0.3
2019-05-31 21:30:24,322,0.2
2019-05-31 22:00:23,319,0.4
2019-05-31 22:30:24,329,1.1
2019-05-31 23:00:23,323,0.7
2019-05-31 23:30:24,334,1.3
2019-06-01 00:00:24,330,1
2019-06-01 00:30:24,292,0.5
2019-06-01 01:00:24,336,1
2019-06-01 01:30:23,333,1.5
2019-06-01 02:00:24,336,1
2019-06-01 02:30:24,25,0.1
2019-06-01 03:00:24,335,0.9
2019-06-01 03:30:23,330,0.4
2019-06-01 04:00:24,326,1
2019-06-01 04:30:24,344,0.8
2019-06-01 05:00:23,339,0.2
2019-06-01 05:30:24,338,0.3
2019-06-01 06:00:24,337,0.8
2019-06-01 06:30:23,313,0.2
2019-06-01 07:00:24,330,0
2019-06-01 07:30:24,294,0.1
2019-06-01 08:00:23,333,0.1
2019-06-01 08:30:24,290,0
2019-06-01 09:00:23,282,0.1
2019-06-01 09:30:24,284,0.3
2019-06-01 10:00:24,202,0.4
2019-06-01 10:30:23,194,0.6
2019-06-01 11:00:23,192,0.6
2019-06-01 11:30:23,199,1.4
2019-06-01 12:00:24,195,1.8
2019-06-01 12:30:23,222,1.8
2019-06-01 13:00:24,208,1.6
2019-06-01 13:30:23,252,1.7
2019-06-01 14:00:24,217,1.5
2019-06-01 14:30:24,243,1.6
2019-06-01 15:00:24,217,1.8
2019-06-01 15:30:24,233,2
2019-06-01 16:00:24,238,1.9
2019-06-01 16:30:23,242,1.5
2019-06-01 17:00:24,268,1.5
2019-06-01 17:30:24,259,1.4
2019-06-01 18:00:23,243,1.7
2019-06-01 18:30:24,239,1.6
2019-06-01 19:00:23,249,1.1
2019-06-01 19:30:23,252,0.8
2019-06-01 20:00:23,270,0.3
2019-06-01 20:30:24,187,0.4
2019-06-01 21:00:24,8,0.6
2019-06-01 21:30:24,328,0.9
2019-06-01 22:00:24,331,1.2
2019-06-01 22:30:23,329,1.2
2019-06-01 23:00:24,326,1.2
2019-06-01 23:30:24,330,1.6
2019-06-02 00:00:23,336,1.7
2019-06-02 00:30:23,334,1.6
2019-06-02 01:00:24,332,1
2019-06-02 01:30:24,333,1.6
2019-06-02 02:00:24,335,1.7
2019-06-02 02:30:24,334,1.3
2019-06-02 03:00:24,8,0.5
2019-06-02 03:30:24,326,1
2019-06-02 04:00:23,334,1.1
2019-06-02 04:30:24,330,1.2
2019-06-02 05:00:24,12,0.9
2019-06-02 05:30:23,345,0.6
2019-06-02 06:00:24,332,1
2019-06-02 06:30:23,328,0.5
2019-06-02 07:00:23,330,0.2
2019-06-02 07:30:24,337,0.3
2019-06-02 08:00:24,313,0.2
2019-06-02 08:30:24,272,0.6
2019-06-02 09:00:24,286,0.4
2019-06-02 09:30:24,241,0.4
2019-06-02 10:00:24,209,0.4
2019-06-02 10:30:24,196,0.3
2019-06-02 11:00:24,215,0.8
2019-06-02 11:30:24,210,0.7
2019-06-02 12:00:24,203,0.8
2019-06-02 12:30:24,184,1.3
2019-06-02 13:00:24,190,1.7
2019-06-02 13:30:23,185,2.2
2019-06-02 14:00:24,187,2.3
2019-06-02 14:30:23,203,1.9
2019-06-02 15:00:24,229,1.3
2019-06-02 15:30:23,251,0.5
2019-06-02 16:00:24,197,1.2
2019-06-02 16:30:24,186,2.1
2019-06-02 17:00:23,173,2.3
2019-06-02 17:30:24,194,1.9
2019-06-02 18:00:23,180,1.8
2019-06-02 18:30:24,165,2.2
2019-06-02 19:00:24,172,1.6
2019-06-02 19:30:24,191,1.4
2019-06-02 20:00:23,193,1.1
2019-06-02 20:30:24,196,0.4
2019-06-02 21:00:24,229,0.9
2019-06-02 21:30:23,335,0.7
2019-06-02 22:00:23,338,1.8
2019-06-02 22:30:24,346,2
2019-06-02 23:00:24,333,1.6
2019-06-02 23:30:24,332,1.2
2019-06-03 00:00:23,330,1.4
2019-06-03 00:30:23,337,0.9
2019-06-03 01:00:24,342,0.9
2019-06-03 01:30:23,336,0.8
2019-06-03 02:00:23,341,1
2019-06-03 02:30:24,331,0.6
2019-06-03 03:00:23,336,0.5
2019-06-03 03:30:24,332,0.7
2019-06-03 04:00:24,336,1.1
2019-06-03 04:30:24,334,1.2
2019-06-03 05:00:24,338,0.8
2019-06-03 05:30:24,334,1.2
2019-06-03 06:00:24,325,0.8
2019-06-03 06:30:24,332,0.5
2019-06-03 07:00:23,354,0.2
2019-06-03 07:30:24,324,0
2019-06-03 08:00:23,204,0.2
2019-06-03 08:30:23,273,0.4
2019-06-03 09:00:24,183,0.2
2019-06-03 09:30:24,212,0.7
2019-06-03 10:00:24,226,0.5
2019-06-03 10:30:23,240,1
2019-06-03 11:00:24,253,0.4
2019-06-03 11:30:24,270,0.6
2019-06-03 12:00:24,259,0.8
2019-06-03 12:30:23,223,0.8
2019-06-03 13:00:24,202,0.9
2019-06-03 13:30:24,205,1.3
2019-06-03 14:00:23,212,1.2
2019-06-03 14:30:24,205,1.4
2019-06-03 15:00:23,190,1.1
2019-06-03 15:30:24,164,0.9
2019-06-03 16:00:23,142,2.7
2019-06-03 16:30:24,134,3.1
2019-06-03 17:00:24,139,3.1
2019-06-03 17:30:24,143,3.7
2019-06-03 18:00:23,149,3.1
2019-06-03 18:30:24,148,2.8
2019-06-03 19:00:24,146,2.7
2019-06-03 19:30:23,137,2.9
2019-06-03 20:00:24,137,1.6
2019-06-03 20:30:23,140,0.2
2019-06-03 21:00:24,97,0.5
2019-06-03 21:30:23,95,0.6
2019-06-03 22:00:24,105,0.6
2019-06-03 22:30:24,75,0.5
2019-06-03 23:00:24,21,0.8
2019-06-03 23:30:24,351,1.5
2019-06-04 00:00:24,342,1.2
2019-06-04 00:30:24,9,0.4
2019-06-04 01:00:23,357,0.2
2019-06-04 01:30:23,315,0.5
2019-06-04 02:00:23,333,0.5
2019-06-04 02:30:24,3,0.2
2019-06-04 03:00:24,345,0.3
2019-06-04 03:30:23,342,0
2019-06-04 04:00:23,315,0.1
2019-06-04 04:30:24,296,0
2019-06-04 05:00:24,305,0.1
2019-06-04 05:30:24,339,0.1
2019-06-04 06:00:24,312,0.2
2019-06-04 06:30:24,319,0.1
2019-06-04 07:00:24,266,0
2019-06-04 07:30:24,122,0
2019-06-04 08:00:24,171,0
2019-06-04 08:30:24,151,0.3
2019-06-04 09:00:24,163,0.2
2019-06-04 09:30:23,246,0.2
2019-06-04 10:00:24,225,0.2
2019-06-04 10:30:24,220,0.5
2019-06-04 11:00:24,170,0.8
2019-06-04 11:30:24,209,0.7
2019-06-04 12:00:24,213,1
2019-06-04 12:30:23,225,1.2
2019-06-04 13:00:24,210,1.3
2019-06-04 13:30:24,190,1.5
2019-06-04 14:00:23,168,1.4
2019-06-04 14:30:23,158,1.9
2019-06-04 15:00:24,79,1.9
2019-06-04 15:30:24,80,2.5
2019-06-04 16:00:24,70,2.3
2019-06-04 16:30:24,93,2.5
2019-06-04 17:00:24,82,2.5
2019-06-04 17:30:23,74,3
2019-06-04 18:00:23,80,2.4
2019-06-04 18:30:24,144,2.1
2019-06-04 19:00:24,160,2.1
2019-06-04 19:30:23,154,1.9
2019-06-04 20:00:24,146,1.3
2019-06-04 20:30:24,126,0.6
2019-06-04 21:00:24,37,0.4
2019-06-04 21:30:24,354,1.1
2019-06-04 22:00:24,351,1.4
2019-06-04 22:30:24,356,1.1
2019-06-04 23:00:24,32,0.2
2019-06-04 23:30:23,73,0.3
2019-06-05 00:00:23,15,0.2
2019-06-05 00:30:24,345,0.8
2019-06-05 01:00:24,333,0.8
2019-06-05 01:30:23,339,0.7
2019-06-05 02:00:24,342,0.9
2019-06-05 02:30:24,343,0.6
2019-06-05 03:00:24,330,0.2
2019-06-05 03:30:24,330,0.2
2019-06-05 04:00:24,309,0.2
2019-06-05 04:30:23,348,0
2019-06-05 05:00:24,347,0
2019-06-05 05:30:23,334,0.1
2019-06-05 06:00:24,280,0.1
2019-06-05 06:30:24,341,0.4
2019-06-05 07:00:23,302,0.2
2019-06-05 07:30:24,200,0.2
2019-06-05 08:00:24,248,0.1
2019-06-05 08:30:24,194,0.4
2019-06-05 09:00:24,157,0.2
2019-06-05 09:30:24,229,0.4
2019-06-05 10:00:24,198,0.3
2019-06-05 10:30:24,203,0.4
2019-06-05 11:00:24,207,0.7
2019-06-05 11:30:24,78,1.1
2019-06-05 12:00:24,67,2
2019-06-05 12:30:24,73,2.9
2019-06-05 13:00:24,63,3
2019-06-05 13:30:24,71,3.2
2019-06-05 14:00:24,79,3.5
2019-06-05 14:30:23,79,2.9
2019-06-05 15:00:24,65,3.1
2019-06-05 15:30:24,78,3.4
2019-06-05 16:00:23,80,3.4
2019-06-05 16:30:24,93,3.4
2019-06-05 17:00:23,85,3.8
2019-06-05 17:30:24,81,4
2019-06-05 18:00:24,73,3.9
2019-06-05 18:30:23,78,3.1
2019-06-05 19:00:24,108,2.3
2019-06-05 19:30:24,100,2.3
2019-06-05 20:00:23,96,2.3
2019-06-05 20:30:23,65,2.7
2019-06-05 21:00:23,63,1.6
2019-06-05 21:30:24,69,1.7
2019-06-05 22:00:23,54,2.5
2019-06-05 22:30:23,72,1.5
2019-06-05 23:00:24,36,0.6
2019-06-05 23:30:24,19,0.2
2019-06-06 00:00:24,337,0.8
2019-06-06 00:30:23,340,1.2
2019-06-06 01:00:23,331,1
2019-06-06 01:30:24,342,1.1
2019-06-06 02:00:24,339,1.2
2019-06-06 02:30:24,351,0.6
2019-06-06 03:00:24,320,0.6
2019-06-06 03:30:24,326,0.5
2019-06-06 04:00:24,336,0.3
2019-06-06 04:30:24,328,0.5
2019-06-06 05:00:23,311,0.3
2019-06-06 05:30:23,313,0.5
2019-06-06 06:00:24,331,0.6
2019-06-06 06:30:24,286,0.5
2019-06-06 07:00:24,343,0
2019-06-06 07:30:23,226,0.3
2019-06-06 08:00:24,241,0.5
2019-06-06 08:30:23,246,0.5
2019-06-06 09:00:24,240,0.9
2019-06-06 09:30:24,339,1.7
2019-06-06 10:00:24,36,3.6
2019-06-06 10:30:23,34,3.7
2019-06-06 11:00:24,47,4.6
2019-06-06 11:30:24,71,4.3
2019-06-06 12:00:24,74,4.3
2019-06-06 12:30:23,59,4.1
2019-06-06 13:00:24,59,3.8
2019-06-06 13:30:24,78,3.8
2019-06-06 14:00:23,70,3.6
2019-06-06 14:30:24,65,3.5
2019-06-06 15:00:23,56,3.2
2019-06-06 15:30:24,54,3.2
2019-06-06 16:00:23,87,3.9
2019-06-06 16:30:23,97,3.7
2019-06-06 17:00:23,67,3.3
2019-06-06 17:30:24,78,3.6
2019-06-06 18:00:24,79,4
2019-06-06 18:30:24,80,4.1
2019-06-06 19:00:24,78,4
2019-06-06 19:30:24,79,3.5
2019-06-06 20:00:24,72,3
2019-06-06 20:30:23,68,2.5
2019-06-06 21:00:24,95,1.6
2019-06-06 21:30:24,164,0.4
2019-06-06 22:00:23,14,0.8
2019-06-06 22:30:24,71,1.1
2019-06-06 23:00:24,39,0.6
2019-06-06 23:30:24,43,1
2019-06-07 00:00:24,40,0.4
2019-06-07 00:30:24,10,0.7
2019-06-07 01:00:23,269,0.4
2019-06-07 01:30:24,304,0.2
2019-06-07 02:00:23,335,0.6
2019-06-07 02:30:24,338,0.7
2019-06-07 03:00:23,329,0.6
2019-06-07 03:30:24,290,0.6
2019-06-07 04:00:24,317,0.1
2019-06-07 04:30:23,324,0.1
2019-06-07 05:00:24,303,0.2
2019-06-07 05:30:23,319,0
2019-06-07 06:00:23,285,0.2
2019-06-07 06:30:24,285,0.4
2019-06-07 07:00:23,270,0
2019-06-07 07:30:24,249,0.5
2019-06-07 08:00:24,256,0.5
2019-06-07 08:30:23,206,0.2
2019-06-07 09:00:23,137,0.2
2019-06-07 09:30:24,149,0.2
2019-06-07 10:00:23,187,0.6
2019-06-07 10:30:24,177,0.5
2019-06-07 11:00:24,215,0.4
2019-06-07 11:30:24,292,0.3
2019-06-07 12:00:24,99,0.7
2019-06-07 12:30:24,154,0.9
2019-06-07 13:30:24,141,1.1
2019-06-07 14:00:23,83,2.7
2019-06-07 14:30:24,74,3.8
2019-06-07 15:00:24,74,4.5
2019-06-07 15:30:23,72,3.8
2019-06-07 16:00:24,71,4.1
2019-06-07 16:30:24,76,3.3
2019-06-07 17:00:24,91,1.7
2019-06-07 17:30:23,108,1.4
2019-06-07 18:00:24,184,1.3
2019-06-07 18:30:23,184,1.1
2019-06-07 19:00:24,57,1
2019-06-07 19:30:23,45,1.3
2019-06-07 20:00:24,177,1.2
2019-06-07 20:30:24,194,0.9
2019-06-07 21:00:23,211,0.1
2019-06-07 21:30:23,267,0.1
2019-06-07 22:00:24,3,0.6
2019-06-07 22:30:24,338,1
2019-06-07 23:00:23,345,0.8
2019-06-07 23:30:24,340,1.3
2019-06-08 00:00:24,342,0.9
2019-06-08 00:30:24,309,0.8
2019-06-08 01:00:23,332,0.8
2019-06-08 01:30:24,333,0.8
2019-06-08 02:00:23,333,0.6
2019-06-08 02:30:24,331,0.8
2019-06-08 03:00:24,346,0.3
2019-06-08 03:30:23,322,0.2
2019-06-08 04:00:23,189,0
2019-06-08 04:30:24,270,0.5
2019-06-08 05:00:23,325,0.3
2019-06-08 05:30:24,296,0.2
2019-06-08 06:00:24,334,0.1
2019-06-08 06:30:23,321,0.3
2019-06-08 07:00:24,298,0.3
2019-06-08 07:30:23,241,0.7
2019-06-08 08:00:23,121,0.5
2019-06-08 08:30:24,100,0.2
2019-06-08 09:00:23,205,0.1
2019-06-08 09:30:24,274,0.2
2019-06-08 10:00:23,167,0.5
2019-06-08 10:30:24,265,0.5
2019-06-08 11:00:24,194,0.6
2019-06-08 11:30:24,203,0.8
2019-06-08 12:00:23,61,0.6
2019-06-08 12:30:24,101,1.1
2019-06-08 13:00:24,139,0.8
2019-06-08 13:30:23,267,1.1
2019-06-08 14:00:24,241,1.1
2019-06-08 14:30:24,206,0.7
2019-06-08 15:00:24,255,0.9
2019-06-08 15:30:23,234,0.7
2019-06-08 16:00:24,182,0.9
2019-06-08 16:30:23,184,0.8
2019-06-08 17:00:24,192,0.9
2019-06-08 17:30:24,182,0.8
2019-06-08 18:00:24,189,0.8
2019-06-08 18:30:23,180,0.5
2019-06-08 19:00:24,177,0.7
2019-06-08 19:30:24,202,0.7
2019-06-08 20:00:23,91,1.3
2019-06-08 20:30:24,43,2.6
2019-06-08 21:00:23,40,2.9
2019-06-08 21:30:23,42,2.4
2019-06-08 22:00:23,165,0.9
2019-06-08 22:30:24,17,0.7
2019-06-08 23:00:23,315,0.5
2019-06-08 23:30:23,314,0.5
2019-06-09 00:00:24,13,0.3
2019-06-09 00:30:24,341,1.2
2019-06-09 01:00:24,359,0.6
2019-06-09 01:30:24,356,0.2
2019-06-09 02:00:24,239,1.1
2019-06-09 02:30:23,45,0.6
2019-06-09 03:00:24,348,1.3
2019-06-09 03:30:23,337,1.1
2019-06-09 04:00:24,329,0.7
2019-06-09 04:30:24,341,1.2
2019-06-09 05:00:23,341,0.6
2019-06-09 05:30:24,48,0
2019-06-09 06:00:23,330,0.1
2019-06-09 06:30:24,287,0.6
2019-06-09 07:00:24,320,0
2019-06-09 07:30:24,110,0
2019-06-09 08:00:24,88,0
2019-06-09 08:30:24,137,0.2
2019-06-09 09:00:23,192,0.3
2019-06-09 09:30:23,211,0.4
2019-06-09 10:00:24,263,0.1
2019-06-09 10:30:23,249,0.4
2019-06-09 11:00:24,216,0.6
2019-06-09 11:30:24,211,0.7
2019-06-09 12:00:23,238,0.7
2019-06-09 12:30:24,266,1.1
2019-06-09 13:00:24,254,1.5
2019-06-09 13:30:23,208,1.2
2019-06-09 14:00:23,76,3.2
2019-06-09 14:30:24,71,2.9
2019-06-09 15:00:23,88,3
2019-06-09 15:30:24,67,3
2019-06-09 16:00:24,76,2.9
2019-06-09 16:30:23,68,2.2
2019-06-09 17:00:24,54,2.2
2019-06-09 17:30:24,48,1.9
2019-06-09 18:00:24,91,2.3
2019-06-09 18:30:24,77,2
2019-06-09 19:00:23,88,1.7
2019-06-09 19:30:24,85,2.1
2019-06-09 20:00:24,81,1
2019-06-09 20:30:24,31,0.8
2019-06-09 21:00:23,9,0.3
2019-06-09 21:30:24,13,0.3
2019-06-09 22:00:24,345,0.6
2019-06-09 22:30:24,322,0.9
2019-06-09 23:00:24,335,1
2019-06-09 23:30:23,338,0.8
2019-06-10 00:00:24,334,0.8
2019-06-10 00:30:23,320,0.6
2019-06-10 01:00:24,330,0.8
2019-06-10 01:30:24,289,0.3
2019-06-10 02:00:24,323,0.5
2019-06-10 02:30:23,326,0.8
2019-06-10 03:00:24,311,0.6
2019-06-10 03:30:24,338,0.7
2019-06-10 04:00:24,325,0.3
2019-06-10 04:30:24,346,0.5
2019-06-10 05:00:24,280,0.7
2019-06-10 05:30:24,341,0.5
2019-06-10 06:00:24,140,0.3
2019-06-10 06:30:24,327,0.8
2019-06-10 07:00:24,312,0.4
2019-06-10 07:30:24,115,0.2
2019-06-10 08:00:23,318,0.3
2019-06-10 08:30:23,206,0.2
2019-06-10 09:00:23,260,0.4
2019-06-10 09:30:24,279,0.8
2019-06-10 10:00:23,159,1.3
2019-06-10 10:30:24,236,0.4
2019-06-10 11:00:24,127,0.7
2019-06-10 11:30:24,162,0.8
2019-06-10 12:00:23,145,0.7
2019-06-10 12:30:23,146,0.8
2019-06-10 13:00:24,327,1.9
2019-06-10 13:30:23,332,3.9
2019-06-10 14:00:24,327,3.4
2019-06-10 14:30:23,31,2.9
2019-06-10 15:00:23,108,1.8
2019-06-10 15:30:24,60,1.8
2019-06-10 16:00:23,39,3
2019-06-10 16:30:24,62,4.5
2019-06-10 17:00:23,37,4.3
2019-06-10 17:30:24,21,2.9
2019-06-10 18:00:24,12,1.8
2019-06-10 18:30:23,86,2.4
2019-06-10 19:00:24,78,2.2
2019-06-10 19:30:24,87,2.2
2019-06-10 20:00:23,126,0.7
2019-06-10 20:30:24,54,0.3
2019-06-10 21:00:24,81,1.1
2019-06-10 21:30:23,4,1.6
2019-06-10 22:00:24,342,1.6
2019-06-10 22:30:24,347,2.2
2019-06-10 23:00:24,328,1.2
2019-06-10 23:30:23,288,0.5
2019-06-11 00:00:24,352,0.5
2019-06-11 00:30:24,311,0.4
2019-06-11 01:00:23,312,1
2019-06-11 01:30:23,358,0.3
2019-06-11 02:00:24,322,0.6
2019-06-11 02:30:24,330,0.7
2019-06-11 03:00:24,131,0.7
2019-06-11 03:30:24,222,0.1
2019-06-11 04:00:24,329,0.5
2019-06-11 04:30:23,332,1.2
2019-06-11 05:00:24,305,0.7
2019-06-11 05:30:24,358,0.2
2019-06-11 06:00:23,356,0.3
2019-06-11 06:30:24,335,0.9
2019-06-11 07:00:23,332,0.5
2019-06-11 07:30:24,43,0.3
2019-06-11 08:00:24,108,0.1
2019-06-11 08:30:24,108,0.1
2019-06-11 09:00:24,324,0.1
2019-06-11 09:30:23,185,0.1
2019-06-11 10:00:24,260,0.2
2019-06-11 10:30:23,197,0.6
2019-06-11 11:00:24,174,0.7
2019-06-11 11:30:24,193,0.7
2019-06-11 12:00:23,212,0.6
2019-06-11 12:30:23,130,0.6
2019-06-11 13:00:24,191,1.1
2019-06-11 13:30:24,152,1.2
2019-06-11 14:00:23,74,1.3
2019-06-11 14:30:23,77,2.3
2019-06-11 15:00:24,88,2.4
2019-06-11 15:30:23,85,2.6
2019-06-11 16:00:24,95,2.7
2019-06-11 16:30:23,81,2.9
2019-06-11 17:00:24,73,2.6
2019-06-11 17:30:23,101,2.5
2019-06-11 18:00:24,108,2.4
2019-06-11 18:30:24,82,1.6
2019-06-11 19:00:23,112,1.4
2019-06-11 19:30:24,131,1
2019-06-11 20:00:23,94,1.4
2019-06-11 20:30:23,120,0.4
2019-06-11 21:00:24,68,1.6
2019-06-11 21:30:24,96,1.5
2019-06-11 22:00:23,50,1.9
2019-06-11 22:30:24,68,1
2019-06-11 23:00:23,144,0.6
2019-06-11 23:30:23,276,0.3
2019-06-12 00:00:24,340,0.3
2019-06-12 00:30:24,332,0.9
2019-06-12 01:00:23,334,0.8
2019-06-12 01:30:24,343,0.8
2019-06-12 02:00:24,341,0.3
2019-06-12 02:30:24,94,0.2
2019-06-12 03:00:24,306,0.6
2019-06-12 03:30:23,274,0.7
2019-06-12 04:00:24,334,0.3
2019-06-12 04:30:24,324,0.6
2019-06-12 05:00:24,8,0.2
2019-06-12 05:30:23,339,0.6
2019-06-12 06:00:23,337,0.3
2019-06-12 06:30:24,84,0.2
2019-06-12 07:00:23,348,0.1
2019-06-12 07:30:24,272,0.7
2019-06-12 08:00:23,287,0.3
2019-06-12 08:30:24,283,0.3
2019-06-12 09:00:24,252,0.6
2019-06-12 09:30:23,278,0.4
2019-06-12 10:00:24,256,0.6
2019-06-12 10:30:23,246,0.7
2019-06-12 11:00:24,222,0.7
2019-06-12 11:30:24,247,0.8
2019-06-12 12:00:23,211,1.1
2019-06-12 12:30:24,267,0.8
2019-06-12 13:00:24,259,0.6
2019-06-12 13:30:23,170,0.8
2019-06-12 14:00:24,195,0.6
2019-06-12 14:30:23,141,1.1
2019-06-12 15:00:24,152,1.9
2019-06-12 15:30:23,136,1.8
2019-06-12 16:00:24,161,1.1
2019-06-12 16:30:24,160,1.4
2019-06-12 17:00:24,155,1.2
2019-06-12 17:30:23,173,1.5
2019-06-12 18:00:24,176,2.4
2019-06-12 18:30:24,163,3
2019-06-12 19:00:24,176,2
2019-06-12 19:30:24,173,1.5
2019-06-12 20:00:24,181,1.3
2019-06-12 20:30:24,173,0.8
2019-06-12 21:00:24,168,0.4
2019-06-12 21:30:24,129,0.2
2019-06-12 22:00:23,77,0.1
2019-06-12 22:30:24,323,0.7
2019-06-12 23:00:24,337,1.4
2019-06-12 23:30:23,328,1.1
2019-06-13 00:00:24,335,1.1
2019-06-13 00:30:24,336,1.1
2019-06-13 01:00:24,329,0.9
2019-06-13 01:30:24,327,0.6
2019-06-13 02:00:24,328,0.7
2019-06-13 02:30:24,334,1.4
2019-06-13 03:00:24,335,1.3
2019-06-13 03:30:24,347,1.1
2019-06-13 04:00:24,333,0.9
2019-06-13 04:30:24,330,1
2019-06-13 05:00:24,325,0.5
2019-06-13 05:30:24,329,0.7
2019-06-13 06:00:23,337,1.1
2019-06-13 06:30:24,317,0.6
2019-06-13 07:00:23,306,0.2
2019-06-13 07:30:24,72,0
2019-06-13 08:00:23,264,0.1
2019-06-13 08:30:23,185,0.2
2019-06-13 09:00:23,222,0.5
2019-06-13 09:30:24,180,0.4
2019-06-13 10:00:24,150,0.4
2019-06-13 10:30:23,196,0.4
2019-06-13 11:00:24,220,0.3
2019-06-13 11:30:24,193,0.8
2019-06-13 12:00:24,195,1
2019-06-13 12:30:24,225,0.8
2019-06-13 13:00:23,177,1
2019-06-13 13:30:24,216,0.9
2019-06-13 14:00:24,273,0.6
2019-06-13 14:30:23,203,1.2
2019-06-13 15:00:23,186,0.9
2019-06-13 15:30:24,221,0.8
2019-06-13 16:00:24,177,1
2019-06-13 16:30:24,70,1.5
2019-06-13 17:00:24,46,1.7
2019-06-13 17:30:24,96,2.3
2019-06-13 18:00:24,87,2.1
2019-06-13 18:30:24,85,2.1
2019-06-13 19:00:23,84,2
2019-06-13 19:30:24,81,2
2019-06-13 20:00:24,110,0.9
2019-06-13 20:30:23,81,0.1
2019-06-13 21:00:24,13,0.8
2019-06-13 21:30:23,348,1.6
2019-06-13 22:00:24,351,1.6
2019-06-13 22:30:24,341,1
2019-06-13 23:00:24,317,0.4
2019-06-13 23:30:23,332,1
2019-06-14 00:00:24,333,1
2019-06-14 00:30:24,331,0.4
2019-06-14 01:00:24,333,0.4
2019-06-14 01:30:24,327,0.7
2019-06-14 02:00:24,305,0.3
2019-06-14 02:30:24,300,0.3
2019-06-14 03:00:23,327,0.5
2019-06-14 03:30:23,316,0.5
2019-06-14 04:00:23,318,0.4
2019-06-14 04:30:24,325,0.3
2019-06-14 05:00:24,315,0.4
2019-06-14 05:30:23,299,0.1
2019-06-14 06:00:24,323,0.4
2019-06-14 06:30:24,328,0.3
2019-06-14 07:00:24,323,0.1
2019-06-14 07:30:24,4,0
2019-06-14 08:00:24,264,0
2019-06-14 08:30:24,245,0
2019-06-14 09:00:24,159,0.2
2019-06-14 09:30:23,146,0.2
2019-06-14 10:00:24,156,0.3
2019-06-14 10:30:23,151,0.3
2019-06-14 11:00:24,149,0.5
2019-06-14 11:30:23,165,0.6
2019-06-14 12:00:24,114,0.9
2019-06-14 12:30:24,133,0.9
2019-06-14 13:00:24,155,0.6
2019-06-14 13:30:24,157,0.9
2019-06-14 14:00:23,160,0.9
2019-06-14 14:30:24,129,1.1
2019-06-14 15:00:24,91,1.7
2019-06-14 15:30:24,59,3.1
2019-06-14 16:00:24,72,3
2019-06-14 16:30:23,78,3.7
2019-06-14 17:00:24,52,3.4
2019-06-14 17:30:23,52,3.5
2019-06-14 18:00:24,44,2.3
2019-06-14 18:30:24,65,1.8
2019-06-14 19:00:24,44,2.1
2019-06-14 19:30:24,115,0.8
2019-06-14 20:00:24,93,0.3
2019-06-14 20:30:24,155,0.8
2019-06-14 21:00:24,42,0.7
2019-06-14 21:30:23,147,0.4
2019-06-14 22:00:24,335,0.2
2019-06-14 22:30:23,342,0.7
2019-06-14 23:00:24,329,0.7
2019-06-14 23:30:24,351,0.8
2019-06-15 00:00:24,281,0.5
2019-06-15 00:30:24,344,1.6
2019-06-15 01:00:23,244,0.8
2019-06-15 01:30:24,296,0.4
2019-06-15 02:00:24,36,0.9
2019-06-15 02:30:23,303,0.9
2019-06-15 03:00:23,341,1.3
2019-06-15 03:30:24,168,0.8
2019-06-15 04:00:24,58,0.7
2019-06-15 04:30:24,339,0.9
2019-06-15 05:00:23,316,0.6
2019-06-15 05:30:24,8,0.5
2019-06-15 06:00:23,322,0.5
2019-06-15 06:30:23,326,1
2019-06-15 07:00:24,308,0.2
2019-06-15 07:30:23,324,0.1
2019-06-15 08:00:23,304,0
2019-06-15 08:30:24,65,0.2
2019-06-15 09:00:23,164,0.9
2019-06-15 09:30:23,140,0.7
2019-06-15 10:00:24,175,0.6
2019-06-15 10:30:24,135,0.9
2019-06-15 11:00:23,142,0.5
2019-06-15 11:30:23,151,1.1
2019-06-15 12:00:24,153,1.4
2019-06-15 12:30:24,157,1.5
2019-06-15 13:00:24,134,0.9
2019-06-15 13:30:23,161,1.6
2019-06-15 14:00:23,198,2.1
2019-06-15 14:30:24,211,1.8
2019-06-15 15:00:23,201,1.8
2019-06-15 15:30:24,204,1.6
2019-06-15 16:00:23,178,1.6
2019-06-15 16:30:24,164,1.8
2019-06-15 17:00:24,179,2.4
2019-06-15 17:30:24,137,2.6
2019-06-15 18:00:24,136,2.7
2019-06-15 18:30:23,154,2.3
2019-06-15 19:00:24,156,2.2
2019-06-15 19:30:23,139,1.8
2019-06-15 20:00:24,122,1.3
2019-06-15 20:30:24,119,0.6
2019-06-15 21:00:23,113,0.9
2019-06-15 21:30:24,47,0.5
2019-06-15 22:00:23,37,0.7
2019-06-15 22:30:24,0,0.7
2019-06-15 23:00:24,333,0.6
2019-06-15 23:30:23,330,0.6
2019-06-16 00:00:23,310,0.6
2019-06-16 00:30:23,295,0.3
2019-06-16 01:00:24,326,0.4
2019-06-16 01:30:24,324,0.8
2019-06-16 02:00:24,329,1.1
2019-06-16 02:30:24,326,0.9
2019-06-16 03:00:24,324,0.7
2019-06-16 03:30:24,324,0.7
2019-06-16 04:00:23,328,1
2019-06-16 04:30:23,328,0.7
2019-06-16 05:00:24,316,0.3
2019-06-16 05:30:24,256,0
2019-06-16 06:00:24,256,0
2019-06-16 06:30:24,269,0.2
2019-06-16 07:00:24,259,0
2019-06-16 07:30:23,67,0
2019-06-16 08:00:24,0,0
2019-06-16 08:30:24,218,0.3
2019-06-16 09:00:23,284,0.4
2019-06-16 09:30:24,29,0.3
2019-06-16 10:00:23,148,0.3
2019-06-16 10:30:24,166,0.7
2019-06-16 11:00:24,185,0.7
2019-06-16 11:30:24,246,0.7
2019-06-16 12:00:23,169,1.1
2019-06-16 12:30:23,170,1.3
2019-06-16 13:00:23,164,1.5
2019-06-16 13:30:24,157,1.7
2019-06-16 14:00:23,131,1.6
2019-06-16 14:30:24,147,1.7
2019-06-16 15:00:24,166,1.6
2019-06-16 15:30:23,175,1.5
2019-06-16 16:00:24,194,1.5
2019-06-16 16:30:24,191,1.6
2019-06-16 17:00:24,182,1.5
2019-06-16 17:30:23,187,1.6
2019-06-16 18:00:24,189,1.5
2019-06-16 18:30:24,165,1.6
2019-06-16 19:00:24,143,2.1
2019-06-16 19:30:24,136,1.7
2019-06-16 20:00:24,157,1.4
2019-06-16 20:30:24,147,1
2019-06-16 21:00:24,46,0.2
2019-06-16 21:30:23,44,0.1
2019-06-16 22:00:24,1,0.3
2019-06-16 22:30:23,296,0.4
2019-06-16 23:00:24,323,0.6
2019-06-16 23:30:23,245,0
2019-06-17 00:00:24,313,0
2019-06-17 00:30:24,320,0
2019-06-17 01:00:24,321,0.6
2019-06-17 01:30:24,330,1
2019-06-17 02:00:24,334,1.1
2019-06-17 02:30:24,334,0.9
2019-06-17 03:00:23,340,0.9
2019-06-17 03:30:23,330,0.8
2019-06-17 04:00:24,324,0.7
2019-06-17 04:30:23,333,0.6
2019-06-17 05:00:23,323,0.6
2019-06-17 05:30:24,290,0.1
2019-06-17 06:00:23,335,0.2
2019-06-17 06:30:24,309,0.1
2019-06-17 07:00:24,311,0.1
2019-06-17 07:30:23,335,0.2
2019-06-17 08:00:23,269,0.5
2019-06-17 08:30:23,250,0.3
2019-06-17 09:00:24,205,0.5
2019-06-17 09:30:23,216,0.3
2019-06-17 10:00:24,167,0.5
2019-06-17 10:30:23,104,0.2
2019-06-17 11:00:24,200,0.5
2019-06-17 11:30:23,174,0.6
2019-06-17 12:00:24,179,0.7
2019-06-17 12:30:24,190,0.9
2019-06-17 13:00:23,204,0.8
2019-06-17 13:30:24,174,1.3
2019-06-17 14:00:24,182,1
2019-06-17 14:30:23,221,1
2019-06-17 15:00:24,218,1
2019-06-17 15:30:24,242,1
2019-06-17 16:00:23,188,1.6
2019-06-17 16:30:23,199,1.1
2019-06-17 17:00:24,222,1.2
2019-06-17 17:30:23,239,0.7
2019-06-17 18:00:24,160,0.8
2019-06-17 18:30:24,178,0.9
2019-06-17 19:00:24,257,1
2019-06-17 19:30:24,327,2.8
2019-06-17 20:00:23,359,2.3
2019-06-17 20:30:23,8,0.7
2019-06-17 21:00:24,332,1.1
2019-06-17 21:30:24,256,0.3
2019-06-17 22:00:24,226,0.1
2019-06-17 22:30:24,220,0.9
2019-06-17 23:00:23,265,0.3
2019-06-17 23:30:23,284,0.2
2019-06-18 00:00:24,330,0.4
2019-06-18 00:30:24,281,0.3
2019-06-18 01:00:23,44,0.2
2019-06-18 01:30:24,325,0.6
2019-06-18 02:00:24,325,0.6
2019-06-18 02:30:24,330,0.8
2019-06-18 03:00:23,327,1.1
2019-06-18 03:30:24,335,0.7
2019-06-18 04:00:23,309,0.3
2019-06-18 04:30:24,314,0.2
2019-06-18 05:00:23,301,0.2
2019-06-18 05:30:24,325,0.4
2019-06-18 06:00:24,299,0.3
2019-06-18 06:30:24,333,0.5
2019-06-18 07:00:24,310,0.2
2019-06-18 07:30:24,160,0.2
2019-06-18 08:00:24,200,0.1
2019-06-18 08:30:23,220,0.2
2019-06-18 09:00:24,185,0.3
2019-06-18 09:30:24,124,0.3
2019-06-18 10:00:24,148,0.5
2019-06-18 10:30:24,188,0.9
2019-06-18 11:00:23,211,1
2019-06-18 11:30:23,267,0.7
2019-06-18 12:00:24,268,1
2019-06-18 12:30:24,251,0.7
2019-06-18 13:00:24,161,1
2019-06-18 13:30:23,177,1.2
2019-06-18 14:00:24,201,0.8
2019-06-18 14:30:23,221,0.8
2019-06-18 15:00:24,151,0.9
2019-06-18 15:30:24,185,1.1
2019-06-18 16:00:23,193,0.9
2019-06-18 16:30:24,236,0.9
2019-06-18 17:00:23,158,0.9
2019-06-18 17:30:24,104,0.7
2019-06-18 18:00:24,59,2.2
2019-06-18 18:30:23,71,3.7
2019-06-18 19:00:24,73,3.4
2019-06-18 19:30:24,62,3.9
2019-06-18 20:00:24,59,3.4
2019-06-18 20:30:23,55,3
2019-06-18 21:00:23,41,2.4
2019-06-18 21:30:23,51,2
2019-06-18 22:00:24,90,1.7
2019-06-18 22:30:23,70,1.4
2019-06-18 23:00:24,358,0.5
2019-06-18 23:30:24,335,0.6
2019-06-19 00:00:24,326,0.5
2019-06-19 00:30:24,331,0.7
2019-06-19 01:00:23,329,0.6
2019-06-19 01:30:24,333,0
2019-06-19 02:00:23,292,0.3
2019-06-19 02:30:23,325,0.5
2019-06-19 03:00:24,335,0.7
2019-06-19 03:30:24,332,0.4
2019-06-19 04:00:24,325,0.6
2019-06-19 04:30:24,323,0.5
2019-06-19 05:00:24,7,0.2
2019-06-19 05:30:24,298,0.1
2019-06-19 06:00:24,294,0
2019-06-19 06:30:24,275,0.2
2019-06-19 07:00:24,320,0
2019-06-19 07:30:24,227,0
2019-06-19 08:00:24,103,0
2019-06-19 08:30:24,195,0.5
2019-06-19 09:00:24,147,0.3
2019-06-19 09:30:24,222,0.3
2019-06-19 10:00:23,186,0.5
2019-06-19 10:30:24,214,0.5
2019-06-19 11:00:23,187,0.5
2019-06-19 11:30:24,185,0.9
2019-06-19 12:00:23,148,1.4
2019-06-19 12:30:24,161,1.2
2019-06-19 13:00:23,108,1.2
2019-06-19 13:30:23,147,2.1
2019-06-19 14:00:24,149,1.9
2019-06-19 14:30:24,145,1.6
2019-06-19 15:00:23,91,1.6
2019-06-19 15:30:24,98,2
2019-06-19 16:00:23,95,2.1
2019-06-19 16:30:24,82,2
2019-06-19 17:00:23,94,1.9
2019-06-19 17:30:24,89,2.8
2019-06-19 18:00:24,91,2.8
2019-06-19 18:30:24,110,2.9
2019-06-19 19:00:23,111,2.5
2019-06-19 19:30:24,122,2
2019-06-19 20:00:24,133,1.5
2019-06-19 20:30:23,159,0.5
2019-06-19 21:00:23,342,0.8
2019-06-19 21:30:24,346,0.8
2019-06-19 22:00:24,1,0.6
2019-06-19 22:30:24,331,0.8
2019-06-19 23:00:24,332,0.9
2019-06-19 23:30:23,331,0.8
2019-06-20 00:00:24,330,1
2019-06-20 00:30:23,342,0.3
2019-06-20 01:00:24,307,0.5
2019-06-20 01:30:24,329,0.6
2019-06-20 02:00:24,329,0.5
2019-06-20 02:30:24,293,0.3
2019-06-20 03:00:24,324,0.7
2019-06-20 03:30:23,328,0.5
2019-06-20 04:00:24,326,0.4
2019-06-20 04:30:24,351,0
2019-06-20 05:00:24,313,0.3
2019-06-20 05:30:24,326,0.1
2019-06-20 06:00:23,334,0
2019-06-20 06:30:23,271,0.1
2019-06-20 07:00:24,44,0
2019-06-20 07:30:24,109,0.1
2019-06-20 08:00:24,7,0
2019-06-20 08:30:24,144,0.1
2019-06-20 09:00:23,163,0.3
2019-06-20 09:30:24,172,0.2
2019-06-20 10:00:24,118,0.1
2019-06-20 10:30:24,222,0.3
2019-06-20 11:00:23,216,0.5
2019-06-20 11:30:24,148,0.6
2019-06-20 12:00:24,67,1.2
2019-06-20 12:30:24,67,1.9
2019-06-20 13:00:23,65,2.7
2019-06-20 13:30:24,68,2.9
2019-06-20 14:00:23,88,2.2
2019-06-20 14:30:24,75,1.8
2019-06-20 15:00:24,87,2.3
2019-06-20 15:30:24,75,2.7
2019-06-20 16:00:23,81,3
2019-06-20 16:30:24,80,3.4
2019-06-20 17:00:23,92,3.4
2019-06-20 17:30:23,83,3.5
2019-06-20 18:00:24,88,3.4
2019-06-20 18:30:24,94,2.5
2019-06-20 19:00:23,99,1.9
2019-06-20 19:30:24,95,2.1
2019-06-20 20:00:23,74,1.5
2019-06-20 20:30:24,73,1.2
2019-06-20 21:00:24,38,0.6
2019-06-20 21:30:24,30,1
2019-06-20 22:00:23,36,1.2
2019-06-20 22:30:24,60,0.9
2019-06-20 23:00:24,55,0.6
2019-06-20 23:30:24,350,0.9
2019-06-21 00:00:23,355,0.9
2019-06-21 00:30:23,321,0.6
2019-06-21 01:00:23,345,0.9
2019-06-21 01:30:23,340,1.3
2019-06-21 02:00:24,333,1
2019-06-21 02:30:24,327,0.2
2019-06-21 03:00:24,319,0
2019-06-21 03:30:24,338,0
2019-06-21 04:00:23,318,0.5
2019-06-21 04:30:24,307,0
2019-06-21 05:00:23,311,0.1
2019-06-21 05:30:24,313,0.3
2019-06-21 06:00:24,309,0.2
2019-06-21 06:30:24,330,0.3
2019-06-21 07:00:23,304,0.1
2019-06-21 07:30:23,140,0.1
2019-06-21 08:00:24,339,0
2019-06-21 08:30:23,158,0.2
2019-06-21 09:00:24,147,0.2
2019-06-21 09:30:23,168,0.1
2019-06-21 10:00:24,211,0.4
2019-06-21 10:30:24,199,0.5
2019-06-21 11:00:24,193,0.4
2019-06-21 11:30:23,153,1
2019-06-21 12:00:24,140,0.7
2019-06-21 12:30:24,67,1.2
2019-06-21 13:00:24,76,2.2
2019-06-21 13:30:23,70,2.1
2019-06-21 14:00:24,57,2
2019-06-21 14:30:24,47,2.1
2019-06-21 15:00:24,63,2
2019-06-21 15:30:23,54,2.5
2019-06-21 16:00:24,86,3.1
2019-06-21 16:30:24,76,3.4
2019-06-21 17:00:23,69,3.8
2019-06-21 17:30:24,56,3.1
2019-06-21 18:00:24,74,1.9
2019-06-21 18:30:23,115,0.7
2019-06-21 19:00:24,150,0.6
2019-06-21 19:30:23,174,0.5
2019-06-21 20:00:23,123,0.4
2019-06-21 20:30:24,82,1.1
2019-06-21 21:00:23,67,1.8
2019-06-21 21:30:24,74,1.5
2019-06-21 22:00:23,49,2
2019-06-21 22:30:24,52,2.1
2019-06-21 23:00:23,19,1.1
2019-06-21 23:30:24,342,1
2019-06-22 00:00:23,319,0.8
2019-06-22 00:30:23,300,0.3
2019-06-22 01:00:24,6,0.4
2019-06-22 01:30:24,334,0.6
2019-06-22 02:00:24,330,0.5
2019-06-22 02:30:23,130,0.7
2019-06-22 03:00:23,330,2
2019-06-22 03:30:24,273,0.5
2019-06-22 04:00:24,137,1.2
2019-06-22 04:30:24,316,1.3
2019-06-22 05:00:24,334,2.3
2019-06-22 05:30:24,234,0.5
2019-06-22 06:00:24,261,0.5
2019-06-22 06:30:24,133,0.3
2019-06-22 07:00:24,288,0.3
2019-06-22 07:30:24,342,0.5
2019-06-22 08:00:23,75,0.1
2019-06-22 08:30:24,255,0.1
2019-06-22 09:00:23,188,0
2019-06-22 09:30:24,110,0.3
2019-06-22 10:00:24,101,0.6
2019-06-22 10:30:24,148,1.3
2019-06-22 11:00:24,172,1.2
2019-06-22 11:30:23,145,0.4
2019-06-22 12:00:23,87,0.2
2019-06-22 12:30:23,61,0.6
2019-06-22 13:00:24,150,1
2019-06-22 13:30:24,66,2.4
2019-06-22 14:00:24,65,4.3
2019-06-22 14:30:24,64,4.7
2019-06-22 15:00:24,62,5.4
2019-06-22 15:30:23,47,5.6
2019-06-22 16:00:24,71,4.2
2019-06-22 16:30:24,59,3
2019-06-22 17:00:24,69,2.7
2019-06-22 17:30:24,66,2.1
2019-06-22 18:00:24,33,1.8
2019-06-22 18:30:24,61,4.1
2019-06-22 19:00:23,54,4.9
2019-06-22 19:30:24,66,5.1
2019-06-22 20:00:24,68,4.5
2019-06-22 20:30:24,101,1.7
2019-06-22 21:00:24,174,1.2
2019-06-22 21:30:23,132,1.4
2019-06-22 22:00:24,89,1.2
2019-06-22 22:30:24,56,1.3
2019-06-22 23:00:24,26,0.9
2019-06-22 23:30:24,4,0.8
2019-06-23 00:00:23,83,0.5
2019-06-23 00:30:24,112,0.5
2019-06-23 01:00:24,265,0.5
2019-06-23 01:30:23,212,0
2019-06-23 02:00:23,307,0.1
2019-06-23 02:30:23,250,0.2
2019-06-23 03:00:24,331,0.8
2019-06-23 03:30:23,318,0.3
2019-06-23 04:00:23,262,0.1
2019-06-23 04:30:24,339,0
2019-06-23 05:00:24,287,0
2019-06-23 05:30:24,288,0.1
2019-06-23 06:00:23,323,0.1
2019-06-23 06:30:24,289,0.2
2019-06-23 07:00:24,175,0
2019-06-23 07:30:24,104,0.1
2019-06-23 08:00:24,163,0.2
2019-06-23 08:30:24,121,0.1
2019-06-23 09:00:23,221,0.4
2019-06-23 09:30:23,196,0.6
2019-06-23 10:00:23,240,0.4
2019-06-23 10:30:24,150,0.4
2019-06-23 11:00:23,115,0.7
2019-06-23 11:30:23,206,0.7
2019-06-23 12:00:23,131,0.9
2019-06-23 12:30:24,156,1
2019-06-23 13:00:24,247,0.8
2019-06-23 13:30:23,173,0.9
2019-06-23 14:00:24,164,1.5
2019-06-23 14:30:23,156,1.4
2019-06-23 15:00:24,150,1
2019-06-23 15:30:24,144,1.7
2019-06-23 16:00:24,165,1.3
2019-06-23 16:30:24,157,1.3
2019-06-23 17:00:24,133,1.3
2019-06-23 17:30:24,157,1.4
2019-06-23 18:00:23,181,1.7
2019-06-23 18:30:24,158,2.3
2019-06-23 19:00:23,160,2.2
2019-06-23 19:30:24,155,2.6
2019-06-23 20:00:23,146,1.9
2019-06-23 20:30:24,161,1.3
2019-06-23 21:00:23,160,1
2019-06-23 21:30:24,54,0.4
2019-06-23 22:00:24,331,1
2019-06-23 22:30:23,330,1.2
2019-06-23 23:00:24,332,1.3
2019-06-23 23:30:24,329,1.2
2019-06-24 00:00:23,336,1.4
2019-06-24 00:30:23,333,1.3
2019-06-24 01:00:23,336,0.9
2019-06-24 01:30:23,322,0.6
2019-06-24 02:00:23,329,0.4
2019-06-24 02:30:23,324,0.3
2019-06-24 03:00:24,327,0.5
2019-06-24 03:30:23,326,0.6
2019-06-24 04:00:23,332,0.8
2019-06-24 04:30:24,328,0.6
2019-06-24 05:00:24,335,0.8
2019-06-24 05:30:23,320,0.5
2019-06-24 06:00:24,331,0.6
2019-06-24 06:30:24,300,0.1
2019-06-24 07:00:24,289,0
2019-06-24 07:30:23,228,0
2019-06-24 08:00:23,181,0.3
2019-06-24 08:30:23,136,0.2
2019-06-24 09:00:24,117,0.5
2019-06-24 09:30:24,152,0.7
2019-06-24 10:00:24,194,0.6
2019-06-24 10:30:23,224,0.8
2019-06-24 11:00:24,233,1.2
2019-06-24 11:30:24,253,1.6
2019-06-24 12:00:24,283,1.4
2019-06-24 12:30:24,263,1.7
2019-06-24 13:00:24,289,1.5
2019-06-24 13:30:23,260,1.3
2019-06-24 14:00:24,272,1.2
2019-06-24 14:30:24,256,1.3
2019-06-24 15:00:24,261,1.5
2019-06-24 15:30:24,268,1.3
2019-06-24 16:00:24,253,1.4
2019-06-24 16:30:24,261,1.2
2019-06-24 17:00:24,259,1.5
2019-06-24 17:30:24,266,1.4
2019-06-24 18:00:24,252,1.4
2019-06-24 18:30:24,258,1.4
2019-06-24 19:00:24,265,1.2
2019-06-24 19:30:24,271,1.3
2019-06-24 20:00:23,279,1.3
2019-06-24 20:30:24,280,0.3
2019-06-24 21:00:23,276,0.3
2019-06-24 21:30:24,322,0.6
2019-06-24 22:00:23,324,0.7
2019-06-24 22:30:24,8,0.3
2019-06-24 23:00:23,325,0
2019-06-24 23:30:23,325,0.6
2019-06-25 00:00:24,292,0.1
2019-06-25 00:30:24,292,0.1
2019-06-25 01:00:24,320,0.3
2019-06-25 01:30:24,326,0.7
2019-06-25 02:00:23,330,1.2
2019-06-25 02:30:24,326,0.9
2019-06-25 03:00:24,328,0.9
2019-06-25 03:30:24,327,0.9
2019-06-25 04:00:23,330,1
2019-06-25 04:30:24,326,0.7
2019-06-25 05:00:23,329,0.8
2019-06-25 05:30:24,331,0.8
2019-06-25 06:00:23,328,0.6
2019-06-25 06:30:24,321,0.4
2019-06-25 07:00:23,305,0.2
2019-06-25 07:30:23,283,0.5
2019-06-25 08:00:23,165,0.1
2019-06-25 08:30:24,118,0.2
2019-06-25 09:00:23,140,0.3
2019-06-25 09:30:24,145,0.4
2019-06-25 10:00:23,215,0.5
2019-06-25 10:30:24,252,0.9
2019-06-25 11:00:23,274,1.4
2019-06-25 11:30:24,286,1.2
2019-06-25 12:00:23,271,1.2
2019-06-25 12:30:24,251,1.3
2019-06-25 13:00:24,253,1.6
2019-06-25 13:30:24,271,1.2
2019-06-25 14:00:23,254,1.5
2019-06-25 14:30:24,276,1.5
2019-06-25 15:00:24,276,1.8
2019-06-25 15:30:24,279,2
2019-06-25 16:00:23,286,1.9
2019-06-25 16:30:24,274,1.8
2019-06-25 17:00:24,278,1.8
2019-06-25 17:30:23,266,1.8
2019-06-25 18:00:24,273,2
2019-06-25 18:30:24,261,1.5
2019-06-25 19:00:23,259,1.4
2019-06-25 19:30:24,255,1.1
2019-06-25 20:00:24,257,0.9
2019-06-25 20:30:24,268,0.7
2019-06-25 21:00:24,281,0.2
2019-06-25 21:30:24,274,0.4
2019-06-25 22:00:24,306,1
2019-06-25 22:30:24,278,0.5
2019-06-25 23:00:24,279,0.3
2019-06-25 23:30:24,316,0.6
2019-06-26 00:00:24,327,0.7
2019-06-26 00:30:23,329,0.7
2019-06-26 01:00:24,291,0.6
2019-06-26 01:30:23,323,0.8
2019-06-26 02:00:24,326,0.8
2019-06-26 02:30:24,324,0.7
2019-06-26 03:00:24,318,0.6
2019-06-26 03:30:24,323,0.8
2019-06-26 04:00:23,323,0.7
2019-06-26 04:30:24,325,1
2019-06-26 05:00:24,341,0.2
2019-06-26 05:30:23,328,0.7
2019-06-26 06:00:24,328,0.7
2019-06-26 06:30:23,327,1
2019-06-26 07:00:24,328,0.6
2019-06-26 07:30:24,3,0
2019-06-26 08:00:24,104,0
2019-06-26 08:30:24,288,0
2019-06-26 09:00:24,27,0.1
2019-06-26 09:30:23,199,0.7
2019-06-26 10:00:24,208,0.9
2019-06-26 10:30:24,246,2
2019-06-26 11:00:23,254,1.5
2019-06-26 11:30:24,264,1.6
2019-06-26 12:00:23,267,1.4
2019-06-26 12:30:23,274,1.9
2019-06-26 13:00:24,279,1.8
2019-06-26 13:30:24,252,1.7
2019-06-26 14:00:24,250,2
2019-06-26 14:30:23,259,1.9
2019-06-26 15:00:24,268,1.8
2019-06-26 15:30:24,287,1.7
2019-06-26 16:00:24,274,1.7
2019-06-26 16:30:23,275,2
2019-06-26 17:00:24,285,1.8
2019-06-26 17:30:23,273,1.9
2019-06-26 18:00:24,278,1.6
2019-06-26 18:30:23,280,1.4
2019-06-26 19:00:24,262,1.1
2019-06-26 19:30:24,253,1.1
2019-06-26 20:00:23,256,0.9
2019-06-26 20:30:24,265,0.2
2019-06-26 21:00:24,271,0.2
2019-06-26 21:30:23,317,0.3
2019-06-26 22:00:24,331,0.9
2019-06-26 22:30:23,320,0.7
2019-06-26 23:00:24,309,0.7
2019-06-26 23:30:24,311,0.2
2019-06-27 00:00:23,322,0.8
2019-06-27 00:30:24,325,1
2019-06-27 01:00:23,324,0.8
2019-06-27 01:30:23,320,0.9
2019-06-27 02:00:23,315,0.7
2019-06-27 02:30:24,325,0.9
2019-06-27 03:00:24,319,0.6
2019-06-27 03:30:23,326,1
2019-06-27 04:00:24,313,0.5
2019-06-27 04:30:24,253,0.3
2019-06-27 05:00:24,336,1.2
2019-06-27 05:30:24,335,0.9
2019-06-27 06:00:24,324,0.6
2019-06-27 06:30:24,328,0.6
2019-06-27 07:00:24,286,0.2
2019-06-27 07:30:23,292,0.1
2019-06-27 08:00:24,266,0.2
2019-06-27 08:30:24,277,0.1
2019-06-27 09:00:24,204,0.8
2019-06-27 09:30:24,140,0.2
2019-06-27 10:00:24,239,0.4
2019-06-27 10:30:24,188,0.7
2019-06-27 11:00:24,198,0.6
2019-06-27 11:30:23,206,0.6
2019-06-27 12:00:24,226,0.6
2019-06-27 12:30:24,165,0.8
2019-06-27 13:00:24,200,0.9
2019-06-27 13:30:24,182,1
2019-06-27 14:00:24,192,1.2
2019-06-27 14:30:24,187,0.8
2019-06-27 15:00:23,83,1
2019-06-27 15:30:24,176,1.3
2019-06-27 16:00:23,85,0.9
2019-06-27 16:30:24,161,1.1
2019-06-27 17:00:23,80,1
2019-06-27 17:30:24,137,0.9
2019-06-27 18:00:23,158,1.4
2019-06-27 18:30:24,158,1.5
2019-06-27 19:00:24,105,2.3
2019-06-27 19:30:24,117,1.8
2019-06-27 20:00:23,112,0.9
2019-06-27 20:30:24,33,0.3
2019-06-27 21:00:24,351,0.9
2019-06-27 21:30:24,330,1.2
2019-06-27 22:00:24,335,1.2
2019-06-27 22:30:23,327,1
2019-06-27 23:00:24,333,1.4
2019-06-27 23:30:24,331,1.2
2019-06-28 00:00:24,325,0.7
2019-06-28 00:30:24,330,1
2019-06-28 01:00:23,343,0.9
2019-06-28 01:30:24,322,0.6
2019-06-28 02:00:23,330,0.9
2019-06-28 02:30:23,329,0.6
2019-06-28 03:00:24,359,0.3
2019-06-28 03:30:24,351,0.1
2019-06-28 04:00:24,323,0.6
2019-06-28 04:30:24,324,0.7
2019-06-28 05:00:24,44,0
2019-06-28 05:30:24,4,0.1
2019-06-28 06:00:23,307,0
2019-06-28 06:30:23,321,0.5
2019-06-28 07:00:23,356,0
2019-06-28 07:30:24,23,0
2019-06-28 08:00:23,265,0
2019-06-28 08:30:24,160,0
2019-06-28 09:00:24,258,0.4
2019-06-28 09:30:23,256,0.3
2019-06-28 10:00:23,166,0.7
2019-06-28 10:30:24,181,0.5
2019-06-28 11:00:24,204,0.5
2019-06-28 11:30:23,166,0.5
2019-06-28 12:00:24,152,1
2019-06-28 12:30:24,149,0.9
2019-06-28 13:00:23,175,0.6
2019-06-28 13:30:24,196,1
2019-06-28 14:00:24,215,0.8
2019-06-28 14:30:23,173,1.2
2019-06-28 15:00:24,200,1.2
2019-06-28 15:30:24,318,0.7
2019-06-28 16:00:24,282,1
2019-06-28 16:30:23,326,1
2019-06-28 17:00:24,277,1.1
2019-06-28 17:30:24,288,0.8
2019-06-28 18:00:24,262,0.9
2019-06-28 18:30:24,10,1.3
2019-06-28 19:00:23,52,2.8
2019-06-28 19:30:23,12,1.5
2019-06-28 20:00:23,49,1.5
2019-06-28 20:30:24,161,0.2
2019-06-28 21:00:24,304,0.6
2019-06-28 21:30:24,329,0.7
2019-06-28 22:00:23,349,1.1
2019-06-28 22:30:24,334,1
2019-06-28 23:00:24,319,0.6
2019-06-28 23:30:24,330,0.6
2019-06-29 00:00:24,330,1.1
2019-06-29 00:30:24,300,0.5
2019-06-29 01:00:24,329,1
2019-06-29 01:30:24,278,0.2
2019-06-29 02:00:23,324,0.7
2019-06-29 02:30:24,325,0.9
2019-06-29 03:00:24,283,0.7
2019-06-29 03:30:24,277,0.7
2019-06-29 04:00:24,267,0.2
2019-06-29 04:30:24,322,0.2
2019-06-29 05:00:24,290,0.1
2019-06-29 05:30:24,313,0.3
2019-06-29 06:00:23,331,1
2019-06-29 06:30:24,328,0.9
2019-06-29 07:00:24,320,0.5
2019-06-29 07:30:24,266,0
2019-06-29 08:00:23,287,0.1
2019-06-29 08:30:24,224,0.4
2019-06-29 09:00:23,255,0.6
2019-06-29 09:30:23,268,1.2
2019-06-29 10:00:24,274,1.3
2019-06-29 10:30:24,253,1.4
2019-06-29 11:00:23,263,1.7
2019-06-29 11:30:24,273,1.5
2019-06-29 12:00:23,285,2.2
2019-06-29 12:30:23,293,2
2019-06-29 13:00:24,281,1.3
2019-06-29 13:30:23,277,1.5
2019-06-29 14:00:24,275,1.5
2019-06-29 14:30:24,252,1.6
2019-06-29 15:00:23,244,1.7
2019-06-29 15:30:24,249,1.3
2019-06-29 16:00:24,256,1.8
2019-06-29 16:30:24,271,1.5
2019-06-29 17:00:23,278,1.5
2019-06-29 17:30:23,277,1.5
2019-06-29 18:00:24,271,1.4
2019-06-29 18:30:24,273,1.3
2019-06-29 19:00:24,273,1.2
2019-06-29 19:30:24,279,1.1
2019-06-29 20:00:24,290,1.1
2019-06-29 20:30:23,290,0.9
2019-06-29 21:00:24,306,0.5
2019-06-29 21:30:23,318,0.4
2019-06-29 22:00:24,304,0.6
2019-06-29 22:30:24,290,0.5
2019-06-29 23:00:24,259,0.5
2019-06-29 23:30:23,193,0
2019-06-30 00:00:24,324,0.5
2019-06-30 00:30:23,326,0.8
2019-06-30 01:00:23,331,0.7
2019-06-30 01:30:24,314,0.7
2019-06-30 02:00:24,316,0.5
2019-06-30 02:30:23,291,0.4
2019-06-30 03:00:23,264,0.9
2019-06-30 03:30:24,286,1
2019-06-30 04:00:24,184,0.4
2019-06-30 04:30:23,354,0.3
2019-06-30 05:00:24,332,0.6
2019-06-30 05:30:24,324,0.9
2019-06-30 06:00:23,326,1
2019-06-30 06:30:24,330,1.2
2019-06-30 07:00:24,329,1
2019-06-30 07:30:24,302,0.5
2019-06-30 08:00:24,60,0.1
2019-06-30 08:30:24,123,0.1
2019-06-30 09:00:24,136,0.4
2019-06-30 09:30:23,213,0.6
2019-06-30 10:00:24,285,1.4
2019-06-30 10:30:24,292,1.8
2019-06-30 11:00:23,277,1.8
2019-06-30 11:30:24,287,1.7
2019-06-30 12:00:24,277,1.8
2019-06-30 12:30:24,278,1.4
2019-06-30 13:00:23,261,1.5
2019-06-30 13:30:24,253,1.5
2019-06-30 14:00:23,239,1.4
2019-06-30 14:30:24,245,0.9
2019-06-30 15:00:24,262,0.9
2019-06-30 15:30:23,262,0.9
2019-06-30 16:00:24,322,1
2019-06-30 16:30:23,302,0.6
2019-06-30 17:00:24,277,1.7
2019-06-30 17:30:24,67,3.7
2019-06-30 18:00:23,69,3.6
2019-06-30 18:30:23,65,3.9
2019-06-30 19:00:23,63,3.4
2019-06-30 19:30:24,53,3.8
2019-06-30 20:00:23,47,3.4
2019-06-30 20:30:24,65,2.7
2019-06-30 21:00:23,82,1.5
2019-06-30 21:30:24,117,0.6
2019-06-30 22:00:23,259,0.3
2019-06-30 22:30:24,117,0.4
2019-06-30 23:00:23,71,0.8
2019-06-30 23:30:24,308,0.1
2019-07-01 00:00:24,329,0.2
2019-07-01 00:30:23,324,0.5
2019-07-01 01:00:23,316,0.7
2019-07-01 01:30:23,305,0.4
2019-07-01 02:00:24,325,0.8
2019-07-01 02:30:24,334,0.5
2019-07-01 03:00:23,325,0.7
2019-07-01 03:30:24,326,0.8
2019-07-01 04:00:24,330,0.6
2019-07-01 04:30:23,330,0.6
2019-07-01 05:00:23,324,0.1
2019-07-01 05:30:23,217,0
2019-07-01 06:00:24,303,0.3
2019-07-01 06:30:24,312,0.1
2019-07-01 07:00:24,325,0
2019-07-01 07:30:24,315,0.1
2019-07-01 08:00:23,243,0.2
2019-07-01 08:30:23,179,0.4
2019-07-01 09:00:24,133,0.2
2019-07-01 09:30:23,156,0.5
2019-07-01 10:00:24,110,0.4
2019-07-01 10:30:23,179,0.4
2019-07-01 11:00:24,164,0.7
2019-07-01 11:30:24,166,0.7
2019-07-01 12:00:23,187,0.9
2019-07-01 12:30:24,83,0.9
2019-07-01 13:00:23,208,1
2019-07-01 13:30:23,158,1.9
2019-07-01 14:00:24,150,1.4
2019-07-01 14:30:23,99,1.1
2019-07-01 15:00:24,68,2
2019-07-01 15:30:24,104,2
2019-07-01 16:00:24,64,2.2
2019-07-01 16:30:24,56,2.3
2019-07-01 17:00:23,86,2.4
2019-07-01 17:30:24,90,2.8
2019-07-01 18:00:24,73,2.9
2019-07-01 18:30:23,64,3.6
2019-07-01 19:00:24,66,3.4
2019-07-01 19:30:24,80,3
2019-07-01 20:00:24,64,2.2
2019-07-01 20:30:23,52,2.7
2019-07-01 21:00:24,65,1.5
2019-07-01 21:30:24,55,1
2019-07-01 22:00:24,25,1.9
2019-07-01 22:30:23,18,1.1
2019-07-01 23:00:24,2,0.6
2019-07-01 23:30:24,178,0.4
2019-07-02 00:00:24,32,0.3
2019-07-02 00:30:23,343,1.3
2019-07-02 01:00:23,351,0.5
2019-07-02 01:30:23,320,0.3
2019-07-02 02:00:24,307,0.5
2019-07-02 02:30:23,341,0.8
2019-07-02 03:00:24,347,1.8
2019-07-02 03:30:24,337,0.9
2019-07-02 04:00:23,311,0.5
2019-07-02 04:30:24,22,0.6
2019-07-02 05:00:24,353,0.5
2019-07-02 05:30:24,263,0.4
2019-07-02 06:00:24,353,0.6
2019-07-02 06:30:23,308,0.3
2019-07-02 07:00:24,309,0.7
2019-07-02 07:30:24,193,0.3
2019-07-02 08:00:24,183,0.5
2019-07-02 08:30:24,236,0.3
2019-07-02 09:00:24,334,0.2
2019-07-02 09:30:24,289,0.4
2019-07-02 10:00:23,215,0.4
2019-07-02 10:30:24,184,1.2
2019-07-02 11:00:24,161,0.8
2019-07-02 11:30:23,158,0.8
2019-07-02 12:00:23,218,0.7
2019-07-02 12:30:24,187,1.1
2019-07-02 13:00:23,145,1.6
2019-07-02 13:30:24,49,1.8
2019-07-02 14:00:24,71,2.4
2019-07-02 14:30:23,75,2.2
2019-07-02 15:00:24,83,1.5
2019-07-02 15:30:24,86,2.1
2019-07-02 16:00:23,78,1.5
2019-07-02 16:30:24,151,2.3
2019-07-02 17:00:23,102,2.5
2019-07-02 17:30:24,87,3.1
2019-07-02 18:00:24,83,3
2019-07-02 18:30:24,81,3.1
2019-07-02 19:00:24,73,3.1
2019-07-02 19:30:24,72,3.2
2019-07-02 20:00:23,57,3.3
2019-07-02 20:30:24,51,3.6
2019-07-02 21:00:24,333,1.3
2019-07-02 21:30:23,56,0.7
2019-07-02 22:00:24,65,0.7
2019-07-02 22:30:23,41,0.8
2019-07-02 23:00:24,46,0.2
2019-07-02 23:30:24,3,0.1
2019-07-03 00:00:24,320,0.5
2019-07-03 00:30:23,341,1.2
2019-07-03 01:00:23,343,0.8
2019-07-03 01:30:23,318,0.2
2019-07-03 02:00:24,347,0.9
2019-07-03 02:30:23,318,1
2019-07-03 03:00:24,327,0.8
2019-07-03 03:30:24,134,0.4
2019-07-03 04:00:24,349,0.1
2019-07-03 04:30:24,317,0.6
2019-07-03 05:00:23,315,0.6
2019-07-03 05:30:23,334,0.1
2019-07-03 06:00:24,315,0.6
2019-07-03 06:30:24,313,1.1
2019-07-03 07:00:23,177,0.3
2019-07-03 07:30:23,301,0.4
2019-07-03 08:00:23,256,0.5
2019-07-03 08:30:24,183,0.4
2019-07-03 09:00:24,125,0.3
2019-07-03 09:30:24,24,0.2
2019-07-03 10:00:23,203,0.6
2019-07-03 10:30:24,164,0.7
2019-07-03 11:00:23,119,0.8
2019-07-03 11:30:24,154,1.2
2019-07-03 12:00:24,146,0.9
2019-07-03 12:30:23,131,1.1
2019-07-03 13:00:23,63,1.4
2019-07-03 13:30:24,103,1.7
2019-07-03 14:00:24,64,1.7
2019-07-03 14:30:24,65,2
2019-07-03 15:00:23,79,2.3
2019-07-03 15:30:24,93,2.2
2019-07-03 16:00:24,76,2.7
2019-07-03 16:30:23,71,3
2019-07-03 17:00:24,95,2.9
2019-07-03 17:30:23,75,3.7
2019-07-03 18:00:24,74,3.5
2019-07-03 18:30:24,77,3.4
2019-07-03 19:00:23,80,3.1
2019-07-03 19:30:24,69,2.7
2019-07-03 20:00:23,57,2.7
2019-07-03 20:30:24,50,3.2
2019-07-03 21:00:24,47,2.5
2019-07-03 21:30:24,80,1
2019-07-03 22:00:24,48,2.7
2019-07-03 22:30:24,130,1
2019-07-03 23:00:23,8,1
2019-07-03 23:30:24,292,0.8
2019-07-04 00:00:23,18,0.4
2019-07-04 00:30:24,335,0.7
2019-07-04 01:00:24,355,0.5
2019-07-04 01:30:23,314,0.8
2019-07-04 02:00:23,341,0.9
2019-07-04 02:30:24,332,0.6
2019-07-04 03:00:23,293,0.4
2019-07-04 03:30:24,239,0
2019-07-04 04:00:24,291,0.3
2019-07-04 04:30:24,302,0.1
2019-07-04 05:00:24,338,0.2
2019-07-04 05:30:24,318,0.3
2019-07-04 06:00:23,337,0.3
2019-07-04 06:30:24,339,0.4
2019-07-04 07:00:24,316,0.4
2019-07-04 07:30:23,277,0
2019-07-04 08:00:24,52,0
2019-07-04 08:30:24,125,0.1
2019-07-04 09:00:24,148,0.6
2019-07-04 09:30:23,128,0.4
2019-07-04 10:00:24,140,0.5
2019-07-04 10:30:23,143,0.8
2019-07-04 11:00:24,167,0.7
2019-07-04 11:30:24,152,0.9
2019-07-04 12:00:24,139,0.7
2019-07-04 12:30:23,160,1.3
2019-07-04 13:00:24,160,1.3
2019-07-04 13:30:24,120,1.4
2019-07-04 14:00:23,178,1.5
2019-07-04 14:30:23,200,1.1
2019-07-04 15:00:24,160,1
2019-07-04 15:30:24,154,0.6
2019-07-04 16:00:23,154,1.6
2019-07-04 16:30:24,95,3.7
2019-07-04 17:00:24,92,2.8
2019-07-04 17:30:24,125,2.8
2019-07-04 18:00:23,116,2.8
2019-07-04 18:30:23,122,2.4
2019-07-04 19:00:24,107,2.4
2019-07-04 19:30:24,71,3.4
2019-07-04 20:00:24,69,3.2
2019-07-04 20:30:24,54,2.6
2019-07-04 21:00:23,46,2.7
2019-07-04 21:30:24,38,2.4
2019-07-04 22:00:24,73,1.6
2019-07-04 22:30:24,60,1.4
2019-07-04 23:00:23,57,0.7
2019-07-04 23:30:24,6,0.1
2019-07-05 00:00:24,250,0.2
2019-07-05 00:30:23,303,0.2
2019-07-05 01:00:23,334,0.6
2019-07-05 01:30:24,327,0.6
2019-07-05 02:00:24,333,1
2019-07-05 02:30:23,322,0.5
2019-07-05 03:00:24,316,0.2
2019-07-05 03:30:23,327,0.4
2019-07-05 04:00:24,335,0.3
2019-07-05 04:30:24,336,0.1
2019-07-05 05:00:24,333,0.5
2019-07-05 05:30:23,325,0.2
2019-07-05 06:00:24,330,0
2019-07-05 06:30:23,309,0
2019-07-05 07:00:24,354,0.5
2019-07-05 07:30:23,325,0.3
2019-07-05 08:00:24,251,0.4
2019-07-05 08:30:24,243,0.2
2019-07-05 09:00:24,253,0.2
2019-07-05 09:30:23,178,0.5
2019-07-05 10:00:24,193,0.5
2019-07-05 10:30:24,218,0.6
2019-07-05 11:00:24,169,1.1
2019-07-05 11:30:24,144,1.7
2019-07-05 12:00:24,136,2.1
2019-07-05 12:30:23,144,2.2
2019-07-05 13:00:24,158,2.6
2019-07-05 13:30:23,159,2.4
2019-07-05 14:00:24,150,2.7
2019-07-05 14:30:24,144,2.3
2019-07-05 15:00:23,139,2.4
2019-07-05 15:30:23,111,2.3
2019-07-05 16:00:24,93,2.8
2019-07-05 16:30:23,65,3.1
2019-07-05 17:00:24,99,2.8
2019-07-05 17:30:23,67,3.7
2019-07-05 18:00:24,69,3.6
2019-07-05 18:30:24,77,3.9
2019-07-05 19:00:23,67,4.1
2019-07-05 19:30:24,69,4.1
2019-07-05 20:00:23,73,3.2
2019-07-05 20:30:24,60,2.9
2019-07-05 21:00:24,67,3.8
2019-07-05 21:30:24,56,2.9
2019-07-05 22:00:24,49,3
2019-07-05 22:30:23,44,2
2019-07-05 23:00:23,119,0.7
2019-07-05 23:30:23,110,0.7
2019-07-06 00:00:24,94,1.4
2019-07-06 00:30:24,116,0.8
2019-07-06 01:00:24,237,0.2
2019-07-06 01:30:23,353,0.4
2019-07-06 02:00:24,335,0.7
2019-07-06 02:30:24,304,0.3
2019-07-06 03:00:24,339,0.1
2019-07-06 03:30:24,325,0.5
2019-07-06 04:00:24,329,0.6
2019-07-06 04:30:24,335,0.7
2019-07-06 05:00:24,298,0.2
2019-07-06 05:30:24,277,0.2
2019-07-06 06:00:23,295,0.4
2019-07-06 06:30:24,262,0
2019-07-06 07:00:23,329,0.2
2019-07-06 07:30:24,296,0
2019-07-06 08:00:24,172,0.1
2019-07-06 08:30:23,173,0
2019-07-06 09:00:23,256,0.3
2019-07-06 09:30:24,239,0.2
2019-07-06 10:00:23,180,0.3
2019-07-06 10:30:24,151,0.6
2019-07-06 11:00:24,160,0.9
2019-07-06 11:30:24,164,1.1
2019-07-06 12:00:24,108,1.6
2019-07-06 12:30:23,112,2.2
2019-07-06 13:00:23,135,2.6
2019-07-06 13:30:24,101,2.4
2019-07-06 14:00:23,115,2.4
2019-07-06 14:30:24,87,2.4
2019-07-06 15:00:24,87,2.4
2019-07-06 15:30:23,81,3.2
2019-07-06 16:00:24,76,3.5
2019-07-06 16:30:24,74,3.1
2019-07-06 17:00:23,90,3
2019-07-06 17:30:24,69,3.4
2019-07-06 18:00:24,69,3.4
2019-07-06 18:30:23,78,3.2
2019-07-06 19:00:24,78,3.2
2019-07-06 19:30:23,76,3.1
2019-07-06 20:00:24,88,2.6
2019-07-06 20:30:24,107,2.2
2019-07-06 21:00:24,90,2.6
2019-07-06 21:30:23,113,1.3
2019-07-06 22:00:23,50,1.3
2019-07-06 22:30:24,70,1.2
2019-07-06 23:00:24,136,0.6
2019-07-06 23:30:24,90,0.8
2019-07-07 00:00:23,357,0.7
2019-07-07 00:30:23,49,0.4
2019-07-07 01:00:24,297,0.2
2019-07-07 01:30:23,201,0.5
2019-07-07 02:00:23,328,0.6
2019-07-07 02:30:24,339,0.9
2019-07-07 03:00:23,343,1.2
2019-07-07 03:30:24,343,0.8
2019-07-07 04:00:23,333,1.2
2019-07-07 04:30:24,26,0.6
2019-07-07 05:00:24,68,0.2
2019-07-07 05:30:23,272,0
2019-07-07 06:00:24,298,0.3
2019-07-07 06:30:24,284,0
2019-07-07 07:00:24,7,0.1
2019-07-07 07:30:23,284,0.1
2019-07-07 08:00:24,234,0.2
2019-07-07 08:30:24,224,0.3
2019-07-07 09:00:24,172,0.3
2019-07-07 09:30:23,194,0.4
2019-07-07 10:00:24,157,1
2019-07-07 10:30:23,132,1.1
2019-07-07 11:00:24,91,1.9
2019-07-07 11:30:23,86,2.7
2019-07-07 12:00:24,51,2
2019-07-07 12:30:24,37,1.6
2019-07-07 13:00:24,43,1.9
2019-07-07 13:30:23,71,1.3
2019-07-07 14:00:24,197,1.5
2019-07-07 14:30:24,244,0.7
2019-07-07 15:00:24,310,0.9
2019-07-07 15:30:24,32,1.2
2019-07-07 16:00:24,91,1.5
2019-07-07 16:30:24,97,0.9
2019-07-07 17:00:23,70,3.2
2019-07-07 17:30:24,75,5.2
2019-07-07 18:00:23,81,5.7
2019-07-07 18:30:23,65,6.9
2019-07-07 19:00:24,63,5.7
2019-07-07 19:30:24,60,4.1
2019-07-07 20:00:24,59,2.9
2019-07-07 20:30:24,55,3
2019-07-07 21:00:24,58,3.8
2019-07-07 21:30:24,71,2.7
2019-07-07 22:00:24,61,2
2019-07-07 22:30:24,39,1
2019-07-07 23:00:23,20,0.7
2019-07-07 23:30:24,307,0.3
2019-07-08 00:00:24,0,1
2019-07-08 00:30:24,347,0.7
2019-07-08 01:00:24,333,0.6
2019-07-08 01:30:24,11,0.2
2019-07-08 02:00:24,328,0.7
2019-07-08 02:30:24,328,1
2019-07-08 03:00:23,345,1
2019-07-08 03:30:23,126,0.1
2019-07-08 04:00:24,10,0.1
2019-07-08 04:30:23,334,0.4
2019-07-08 05:00:24,285,0.7
2019-07-08 05:30:24,227,0.3
2019-07-08 06:00:24,51,0.3
2019-07-08 06:30:24,20,0.9
2019-07-08 07:00:24,274,0.9
2019-07-08 07:30:23,118,0.6
2019-07-08 08:00:24,319,1.2
2019-07-08 08:30:23,224,0.8
2019-07-08 09:00:23,154,0.3
2019-07-08 09:30:24,203,0.2
2019-07-08 10:00:24,52,1.3
2019-07-08 10:30:23,68,2
2019-07-08 11:00:24,66,2.7
2019-07-08 11:30:23,103,2.2
2019-07-08 12:00:24,70,2.7
2019-07-08 12:30:23,109,2.3
2019-07-08 13:00:24,130,2.2
2019-07-08 13:30:24,96,2.2
2019-07-08 14:00:24,76,2.6
2019-07-08 14:30:24,73,2.7
2019-07-08 15:00:23,81,2.6
2019-07-08 15:30:24,107,3.1
2019-07-08 16:00:24,104,2.9
2019-07-08 16:30:23,129,2.8
2019-07-08 17:00:23,117,2.5
2019-07-08 17:30:24,104,3
2019-07-08 18:00:23,93,2.8
2019-07-08 18:30:24,109,3.2
2019-07-08 19:00:24,110,3.1
2019-07-08 19:30:23,113,2.8
2019-07-08 20:00:24,92,2.9
2019-07-08 20:30:23,79,2.8
2019-07-08 21:00:24,63,2.7
2019-07-08 21:30:23,53,2.9
2019-07-08 22:00:24,61,2.3
2019-07-08 22:30:24,64,2
2019-07-08 23:00:24,73,1.9
2019-07-08 23:30:23,216,0.2
2019-07-09 00:00:24,31,1
2019-07-09 00:30:24,29,0.6
2019-07-09 01:00:24,355,0.2
2019-07-09 01:30:23,161,0
2019-07-09 02:00:24,314,0.4
2019-07-09 02:30:24,340,0.8
2019-07-09 03:00:24,317,0.7
2019-07-09 03:30:24,355,0.5
2019-07-09 04:00:24,218,0.5
2019-07-09 04:30:24,321,0.3
2019-07-09 05:00:23,339,0.1
2019-07-09 05:30:24,333,0.5
2019-07-09 06:00:24,328,0.1
2019-07-09 06:30:23,334,0.1
2019-07-09 07:00:24,254,0.3
2019-07-09 07:30:24,92,0.1
2019-07-09 08:00:24,43,0.2
2019-07-09 08:30:24,210,0.1
2019-07-09 09:00:23,259,0.5
2019-07-09 09:30:24,176,0.1
2019-07-09 10:00:23,113,0.1
2019-07-09 10:30:24,229,0.4
2019-07-09 11:00:24,154,0.8
2019-07-09 11:30:23,225,0.8
2019-07-09 12:00:24,257,0.6
2019-07-09 12:30:24,41,1.3
2019-07-09 13:00:24,63,2.6
2019-07-09 13:30:24,57,2.5
2019-07-09 14:00:23,71,3.1
2019-07-09 14:30:23,69,3.3
2019-07-09 15:00:23,73,3.9
2019-07-09 15:30:23,76,3.8
2019-07-09 16:00:23,74,4.7
2019-07-09 16:30:24,84,5
2019-07-09 17:00:24,78,5
2019-07-09 17:30:23,91,5.3
2019-07-09 18:00:24,86,5
2019-07-09 18:30:23,79,5
2019-07-09 19:00:24,105,3.7
2019-07-09 19:30:23,97,2.8
2019-07-09 20:00:24,81,4
2019-07-09 20:30:24,72,3.5
2019-07-09 21:00:24,61,2.2
2019-07-09 21:30:24,6,0.7
2019-07-09 22:00:24,327,0.4
2019-07-09 22:30:24,352,0.7
2019-07-09 23:00:24,299,0.4
2019-07-09 23:30:24,347,0.3
2019-07-10 00:00:24,331,0.8
2019-07-10 00:30:24,327,0.5
2019-07-10 01:00:23,342,0.7
2019-07-10 01:30:24,295,0.3
2019-07-10 02:00:24,333,0.9
2019-07-10 02:30:24,332,0.3
2019-07-10 03:00:24,333,0.9
2019-07-10 03:30:24,215,0.5
2019-07-10 04:00:24,339,0.5
2019-07-10 04:30:23,340,0.4
2019-07-10 05:00:24,280,0.5
2019-07-10 05:30:23,333,0.7
2019-07-10 06:00:24,334,1
2019-07-10 06:30:24,285,0.2
2019-07-10 07:00:23,80,0
2019-07-10 07:30:24,43,0
2019-07-10 08:00:24,216,0.2
2019-07-10 08:30:24,190,0.2
2019-07-10 09:00:23,321,0.3
2019-07-10 09:30:24,218,0.5
2019-07-10 10:00:24,153,1.3
