<isatab-config-file xmlns="http://www.ebi.ac.uk/bii/isatab_configuration#">
	<isatab-configuration table-name="phenotyping" isatab-assay-type="generic_assay" isatab-conversion-target="generic">
		<measurement term-label="phenotyping" term-accession="0000023" source-abbreviation="OBI"/>
		<technology term-label="" term-accession="" source-abbreviation="OBI"/>
		<field header="Sample Name" data-type="String" is-file-field="false" is-multiple-value="true" is-required="true" is-hidden="false" is-forced-ontology="false">
			<description>
				<![CDATA[Sample name]]>
			</description>
			<default-value/>
		</field>
		<field header="Characteristics[Organism part]" data-type="Ontology term" is-file-field="false" is-multiple-value="true" is-required="true" is-hidden="false" is-forced-ontology="false">
			<description>
				<![CDATA[The part of organism's anatomy or substance arising from an organism (which belongs to the defined "Unit of observation" of the experiment) from which the biomaterial was derived for the particular assay. E.g. tissue, organ, system, plant product.]]>
			</description>
			<default-value/>
			<recommended-ontologies>
				<ontology id="http://data.bioontology.org/ontologies/PO" abbreviation="PO" name="Plant Ontology" version="Version # 20"/>
				<ontology id="http://data.bioontology.org/ontologies/PAE" abbreviation="PAE" name="Plant Anatomy" version="Release #20"/>
				<ontology id="http://data.bioontology.org/ontologies/BTO" abbreviation="BTO" name="BRENDA Tissue and Enzyme Source Ontology" version="unknown"/>
			</recommended-ontologies>
		</field>
		<field header="Assay Name" data-type="String" is-file-field="false" is-multiple-value="false" is-required="true" is-hidden="false" is-forced-ontology="false">
			<description>
				<![CDATA[an identifier to the Assay Node. It is used in data files as row identifier for the matrix of observations of the form 'Assay by Trait']]>
			</description>
			<default-value/>
		</field>
		<field header="Raw Data File" data-type="String" is-file-field="true" is-multiple-value="false" is-required="true" is-hidden="false" is-forced-ontology="false">
			<description>
				<![CDATA[Name (or URI) of the raw data file generated by an assay. No format restrictions.]]>
			</description>
			<default-value/>
		</field>
		<protocol-field protocol-type ="Data transformation"/>
		<field header="Parameter Value[Trait Definition File]" data-type="String" is-file-field="true" is-multiple-value="false" is-required="true" is-hidden="false" is-forced-ontology="false">
			<description>
				<![CDATA[Name or URI of the file containing definitions of phenotypic traits measured in this assay. Each row of TDF contains a definition of one trait in the form: Trait Name, Method Description, Scale (units). Trait names are used in data files as names of columns with observation.]]>
			</description>
			<default-value/>
		</field>
		<field header="Derived Data File" data-type="String" is-file-field="true" is-multiple-value="true" is-required="true" is-hidden="false" is-forced-ontology="false">
			<description>
				<![CDATA[Name (or URI) of the derived data file generated from raw data by data processing. The file should be in the form of a 'Assay x Traits' matrix, where traits (i.e. columns) correspond to trait names (i.e. rows) from Trait Definition File. There is one column for each trait with continuous measurement (Trait value[<Trait Name>]) and three columns for each categorical trait (Trait value[<Trait Name>], Term Source Ref, Term Accession Number).]]></description>
			<default-value/>
		</field>
		<structured-field name="factors"/>
	</isatab-configuration>
</isatab-config-file>